DATEADDRID,start,startstr,end,endstr,street,city,state,country,HDID
17,1873,1873,1873,1873,170 Hanover St.,Boston,MA,USA,10
16,1866,1866,1872,1872,19 Lindall St.,Boston,MA,USA,10
19,1876,1876,1876,1876,341 Washington St.,Boston,MA,USA,10
18,1874,1874,1874,1874,538 Washington St.,Boston,MA,USA,10
27,1860,1860,1861,1861,17 Doane St.,Boston,MA,USA,14
28,1862,1862,1863,1863,20 Washington St.,Boston,MA,USA,14
25,1857,1857,1857,1857,21 School St. (address found in the imprint statement of a b,Boston,MA,USA,14
26,1859,1859,1859,1859,3 Doane St.,Boston,MA,USA,14
24,1856,1856,1856,1856,30 Hawley St. (address found in the imprint statement of a b,Boston,MA,USA,14
29,1864,1864,1869,1869,36 Washington St.,Boston,MA,USA,14
32,1873,1873,1873,1873,37 Bowker St.,Boston,MA,USA,14
23,1853,1853,1853,1853,4 Cornhill St. (address found in the imprint statement of a,Boston,MA,USA,14
33,1875,1875,1879,at least 1,73 Kilby St.,Boston,MA,USA,14
31,1871,1871,1871,1871,80 Sudbury St.,Boston,MA,USA,14
30,1870,1870,1870,1870,90 Sudbury St.,Boston,MA,USA,14
39,1851,1851,1851,1851,11 Devonshire St.,Boston,MA,USA,22
40,1853,1853,1853,1853,17 Devonshire St.,Boston,MA,USA,22
42,1860,1860,1860,1860,19 Water St. (per cat. impr.),Boston,MA,USA,22
41,1854,1854,1854,1854,"19 Water St., over Boston Post.",Boston,MA,USA,22
53,1834,ca. 1834,1837,1837,47 Court St.,Boston,MA,USA,27
60,1857,1857,1859,1859,110 Washington St.,Boston,MA,USA,33
132,1848,1848,1855,1855,35 Cornhill,Boston,MA,USA,69
152,1868,1868,1870,1870,"104 Washington St. Boston",Boston,MA,USA,71
153,1871,1871,1875,1875,"116 or 117 Washington St. Boston",Boston,MA,USA,71
151,1868,1868,1868,1868,"21 Cornhill Boston",Boston,MA,USA,71
154,1876,1876,1876,1876,"23 Franklin St. Boston",Boston,MA,USA,71
150,1862,1862,1868,1868,"40 Cornhill Boston",Boston,MA,USA,71
149,1858,1858?,1858,1858?,78 Washington St. Boston (per publisher's advertisements on,Boston,MA,USA,71
194,1849,1849,1849,1849,71 Court St.,Boston,MA,USA,77
200,1831,1831,1831,1831,"4 Federal Ct.",Boston,MA,USA,79
197,1826,1826,1827,1827,"6 Boylston Sq.",Boston,MA,USA,79
196,1825,1825,1825,1825,"Common",Boston,MA,USA,79
201,1832,1832,1832,1832,"Devonshire",Boston,MA,USA,79
198,1828,1828,1829,1829,"rear 60 Common",Boston,MA,USA,79
199,1830,1830,1830,1830,"reat 40 Milk",Boston,MA,USA,79
207,1849,1849,1860,1860,16 Devonshire St.,Boston,MA,USA,82
206,1848,1848,1848,1848,26 Devonshire St.,Boston,MA,USA,82
218,1868,1868,1870,1870,37 1/2 Cornhill St.,Boston,MA,USA,90
224,1832,1832,1832,1832,17 Cornhill St.,Boston,MA,USA,93
225,1834,1834,1839,1839,19 Washington St.,Boston,MA,USA,93
226,1839,1839,1845,1845,37 Cornhill St. (per cataloged imprint),Boston,MA,USA,93
241,1862,1862,1865,1865,14 Allen St. (home),Boston,MA,USA,95
238,1844,1844,1845,`1845,18 Exchange St.,Boston,MA,USA,95
237,1838,1838,1843,1843,21 Exchange St.,Boston,MA,USA,95
240,1861,1861,1861,1861,323 Washington St.,Boston,MA,USA,95
239,1846,1846,1860,1860,37 Congress St.,Boston,MA,USA,95
236,1837,1837,1837,1837,45 Washington St.,Boston,MA,USA,95
235,1833,1833,1836,1836,62 Cornhill St.,Boston,MA,USA,95
232,1830,1830,1830,1830,73 Cornhill St.,Boston,MA,USA,95
234,1832,1832,1832,1832,76 Pond St. (home),Boston,MA,USA,95
229,1825,1825,1826,1826,Boylston Square,Boston,MA,USA,95
231,1828,1828,1829,1829,Bromfield Lane,Boston,MA,USA,95
230,1827,1827,1827,1827,Franklin Ave.,Boston,MA,USA,95
233,1831,1831,1831,1831,Garden St. (home),Boston,MA,USA,95
245,1853,1853,1854,1854,124 State St.,Boston,MA,USA,96
244,1848,1848,1852,1852,124 Washington St.,Boston,MA,USA,96
246,1855,1855,1859,1859,132 State St.,Boston,MA,USA,96
243,1842,1842,1846,1846,21 Tremont Row,Boston,MA,USA,96
242,1832,1832,1839,1839,"79 Court St., corner of Brattle St.",Boston,MA,USA,96
274,1861,1861,1867,1867?,117 Washington St. Boston (gathered from undated imprints is,Boston,MA,USA,105
273,1860,1860,1860,1860,"141 Washington Boston",Boston,MA,USA,105
270,1837,1837,1838,1838,"22 Court St. Boston",Boston,MA,USA,105
275,1868,1868,1876,1876,"40 Winter Boston",Boston,MA,USA,105
271,1839,1839,1848,1848,"5 Cornhill Boston",Boston,MA,USA,105
272,1848,1848,1859,1859,"9 Cornhill Boston",Boston,MA,USA,105
339,1838,1838,1840,1840,10 Water St.,Boston,MA,USA,106
340,1841,1841,1842,1842,107 Washington St.,Boston,MA,USA,106
338,1831,1831,1837,1837,112 Washington St.,Boston,MA,USA,106
337,1826,1826,1830,1830,134 Washington St.,Boston,MA,USA,106
341,1857,1857,1859,1859,131 Washington St.,Boston,MA,USA,107
346,1849,1849,1855,1855,11 Marion St.,Boston,MA,USA,112
355,1845,1845,1845,1845,11 Joy's Bldg.,Boston,MA,USA,121
356,1846,1846,1848,1848,13 Joy's Bldg.,Boston,MA,USA,121
357,1849,1849,1850,1850,33 Somerset St.,Boston,MA,USA,121
371,1839,1839,1843,1843,6 Water St.,Boston,MA,USA,128
375,1873,1873,1874,1874,114 Washington St.,Boston,MA,USA,129
372,1863,1863,1868,1868,131 Washington St.,Boston,MA,USA,129
374,1871,1871,1871,1871,131 Washington St.,Boston,MA,USA,129
373,1870,1870,1870,1870,17 Milk St.,Boston,MA,USA,129
376,1876,1876,1876,1876,47 Franklin St.,Boston,MA,USA,129
380,1829,1829,1833,1833,114 Washington St.,Boston,MA,USA,132
381,1836,1836,1839,1839,114 washington St.,Boston,MA,USA,132
382,1861,1861,1863,1863,7 Water St. and 21 Bromfield St.,Boston,MA,USA,133
396,1872,1872,1897,1897,143 Washington St.,Boston,MA,USA,141
397,1833,1833,1834,1834,121 Washington St.,Boston,MA,USA,142
408,1842,1842,1844,1844,112 Washington St.,Boston,MA,USA,148
410,1849,1849,1849,1849,112 Washington St.,Boston,MA,USA,148
409,1845,1845,1848,1848,124 Washington St.,Boston,MA,USA,148
407,1841,1841,1841,1841,7 Marshall St.,Boston,MA,USA,148
412,1835,1835,1835,1835,121 Washington St.,Boston,MA,USA,149
411,1833,1833,1834,1834,134 Washington St.,Boston,MA,USA,149
422,1861,1861,1874,1874,110 Washington St.,Boston,MA,USA,155
421,1852,1852,1860,1860,112 Washington St.,Boston,MA,USA,155
423,1876,1876,1876,1876,254 Washington St.,Boston,MA,USA,155
441,1831,1831,1832,1832,122 Washington St.,Boston,MA,USA,167
440,1829,1829,1830,1830,362 Washington St.,Boston,MA,USA,167
443,1832,1832,1857,1857,124 Washington St.,Boston,MA,USA,169
467,1862,1862,1862,1862,No.2 Soren's Block Dudley St. opposite Post Office,Roxbury,MA,USA,183
466,1860,1860,92,92,Washington and 2 Soren's Block,Roxbury,MA,USA,183
465,1850,1850,92,92,Washington St.,Roxbury,MA,USA,183
468,1844,1844,1852,1852,31 Devonshire St.,Boston,MA,USA,184
469,1853,1853,1854,1854,37 Devonshire St.,Boston,MA,USA,184
478,1838,1838,1839,1839,"120 Washington St., Boston",Boston,MA,USA,187
473,1826,1826,1828,1828,"141 Washington St., Boston",Boston,MA,USA,187
475,1831,1831,1831,1831,"18 Walter St., Boston",Boston,MA,USA,187
477,1836,1836,1837,1837,"21 School St., Boston",Boston,MA,USA,187
479,1840,1840,1842,1842,"21 School St., Boston",Boston,MA,USA,187
476,1832,1832,1835,1835,"8 School St., Boston",Boston,MA,USA,187
474,1830,1830,1830,1830,"School St., Boston",Boston,MA,USA,187
489,1833,1833,1835,1835,131 Washington St.,Boston,MA,USA,194
506,1825,1825,1867,1867,"Stearns Building, opposite the railroad station",Salem,MA,USA,203
517,1848,1848,1852,1852,31 Devonshire St.,Cambridge,MA,USA,208
518,1853,1853,1854,1854,37 Devonshire St.,Cambridge,MA,USA,208
521,1825,1825,1828,1828,101 Salem St.,Boston,MA,USA,210
526,1860,1860,1864,1864,245 Washington St.,Boston,MA,USA,212
527,1860,1860,1860,1860,5 Water St.,Boston,MA,USA,213
531,1830,1830,1837,1837,Second St.,Boston,MA,USA,217
534,1858,1858,1860,1860,208 Washington St.,Boston,MA,USA,220
535,1858,1858,1865,1865,143 Washington St.,Boston,MA,USA,221
536,1866,1866,1876,1876,68 School St.,Boston,MA,USA,221
538,1841,1841,1844,1844,204 Washington St.,Boston,MA,USA,223
547,1873,1873,1876,at least18,14 Bromfield St.,Boston,MA,USA,230
560,1823,1823,1823,1823,"1 Brattle St., Boston",Boston,MA,USA,234
559,1820,1820,1820,1820,"3 Court St., Boston",Boston,MA,USA,234
561,1829,1829,1831,1831,"79 Court St., Boston",Boston,MA,USA,234
563,1847,1847,1848,1848,20 Cornhill,Boston,MA,USA,236
565,1857,1857,1860,1860,20 Cornhill  (per imprint statement),Boston,MA,USA,236
564,1849,1849,1856,1856,24 Cornhill,Boston,MA,USA,236
569,1834,1834,1835,1835,31 Cornhill St.,Boston,MA,USA,238
568,1832,1832,1833,1833,9 Merchants Hall,Boston,MA,USA,238
567,1831,1831,1831,1831,Office of the Liberator (per cataloged imprint),Boston,MA,USA,238
570,1845,1845,1850,1850,100 Washington St.,Boston,MA,USA,239
571,1830,1830,1831,1831,"134 Washington St., Boston",Boston,MA,USA,240
574,1843,1843,1844,1844,133 1/2 Washington St.,Boston,MA,USA,241
579,1849,1849,1850,1850,"71 Court St., Boston",Boston,MA,USA,246
587,1847,1847,1852,1852,3 Cornhill St.,Boston,MA,USA,249
604,1866,1866,1871,1871,21 Eliot St.,Boston,MA,USA,258
601,1855,1855,1860,1860,518 Washington St.,Boston,MA,USA,258
602,1861,1861,1862,1862,518 Washington St. and 541 Washington St. (printing),Boston,MA,USA,258
603,1863,1863,1865,1865,541 Washington lSt.,Boston,MA,USA,258
610,1876,1876,1876,1876,383 Washington St.,Boston,MA,USA,260
615,1869,1869,1876,at least 1,Brattle Square,Cambridge,MA,USA,262
622,1846,1846,1848,1848,"178 Main St., Worcester",Worcester,MA,USA,267
623,1849,1849,1854,1854,"184 Main St., Worcester",Worcester,MA,USA,267
624,1853,1853,1854,1854,"5 Cornhill, Boston (per cataloged imprints)",Boston,MA,USA,267
647,1872,1872,1876,1876,389 Main St.,Worcester,MA,USA,278
666,1826,1826,1829,1829,11 Dock Square,Boston,MA,USA,281
667,1830,1830,1833,1833,18 Dock Square,Boston,MA,USA,281
664,1821,1821,1821,1821,31 UnionSt.,Boston,MA,USA,281
668,1830,1830,1830,1830,46 N Parker St. (per cat. impr.),Boston,MA,USA,281
665,1822,1822,1822,1822,48 Ann St.,Boston,MA,USA,281
684,1817,1817 or 18,1825,1825,"63 State St.,Boston",Boston,MA,USA,289
685,1825,1825,1825,1825,"82 State St., Boston",Boston,MA,USA,289
683,1813,1813,1816,1816 or 18,"Suffolk Bldgs., Boston",Boston,MA,USA,289
710,1816,1816,1822,1822,14 Cross St.,Boston,MA,USA,302
711,1823,1823,1831,1831,23 Cross St.,Boston,MA,USA,302
707,1798,1798,1798,1798,38 Prince St.,Boston,MA,USA,302
709,1809,1809,1813,1813,Dorset Alley,Boston,MA,USA,302
706,1777,1777,1777,1777,Newbury St.,Boston,MA,USA,302
708,1807,1807,1807,1807,unlisted,Boston,MA,USA,302
717,1838,1838,1848,1848,"71 Court St., Boston (per cataloged imprint)",Boston,MA,USA,304
718,1836,1836,1860,1860,74 Court St. (per directories),Boston,MA,USA,304
726,1865,1865,1867,1867,117 Washington St.,Boston,MA,USA,309
732,1859,1859,1859,1859,251 Washington St. (per cataloged imprint),Boston,MA,USA,311
743,1826,1826,1829,1829,72 Washington St. (per cataloged imprints),Boston,MA,USA,319
744,1827,1827,1828,1828,72 Washington St. (per directory),Boston,MA,USA,319
768,1876,1876,1876,1876,260 Main St. and 8 & 10 Hampden St.,Springfield,MA,USA,330
779,1860,1860,1864,1864,20 Washington St.,Boston,MA,USA,337
784,1831,1831,1832,1832,19 Water St.,Boston,MA,USA,340
783,1829,1829,1830,1830,7 Washington St.,Boston,MA,USA,340
782,1828,1828,1828,1828,8 Merchants Hall,Boston,MA,USA,340
785,1834,1834,1834,1834,8 Merchants Hall.,Boston,MA,USA,340
789,1826,1826,1839,1839,184 Washington St.,Boston,MA,USA,342
794,1852,1852 and18,1852,1852 and18,21 State St.,Newburyport,MA,USA,346
799,1826,1826,1828,1828,14 State St.,Boston,MA,USA,350
809,1855,1855,1859,1859,193 Essex St.,Salem,MA,USA,353
810,1861,1861,1869,1869,201 Essex St.,Salem,MA,USA,353
811,1864,1864,1864,1864,24 Pynchon St.,Springfield,MA,USA,354
812,1865,1865,1869,1869,247 Main St.,Springfield,MA,USA,354
813,1870,1870,1877,t least 18,Harrison Ave. and Dwight St.,Springfield,MA,USA,354
828,1874,1874,1875,1875,49 Main St.,Worcester,MA,USA,368
830,1845,1845,1845,1845,"11 Devonshire",Boston,MA,USA,369
832,1850,1850,1850,1850,"11 Devonshire",Boston,MA,USA,369
831,1849,1849,1849,1849,"11 Devonshire and 12 State St.",Boston,MA,USA,369
829,1844,1844,1844,1844,"4 Devonshire",Boston,MA,USA,369
885,1840,1840,1842,1842,9 North Common,Lynn,MA,USA,396
895,1838,1838,1842,1842,205 Main St.,Worcester,MA,USA,403
894,1831,1831,1838,1838,Goddard's Row,Worcester,MA,USA,403
897,1848,ca. late 1,1848,ca. late 1,Riverside,Cambridge,MA,USA,405
908,1867,1867,1867,1867,30 & 32 Cornhill St. (per McLoughlin Publisher's Catalog),Boston,MA,USA,410
907,1865,1865,1865,1865,32 Cornhill,Boston,MA,USA,410
904,1846,1846,1862,1862,"32 Cornhill St. stationer, binder with A.W. Thaxter, III",Boston,MA,USA,410
905,1866,1866,1868,1868,32 Cornhill St. with H.T. Johnson,Boston,MA,USA,410
906,1863,1863,1864,1864,47 Cornhill St.,Boston,MA,USA,410
933,1858,1858,1864,1864,184 Main St.,Worcester,MA,USA,419
934,1833,1833,1834,1834,135 Washington St.,Boston,MA,USA,420
947,1867,1867,1867,1867,212 Main St.,Worcester,MA,USA,425
949,1843,1843,1855,1855,3 Cornhill St.,Boston,MA,USA,426
948,1842,1842,1842,1842,head of Pearl Place (home),Boston,MA,USA,426
952,1831,1831,1831,1831,Washington St. cor. School St.,Boston,MA,USA,429
966,1867,1867,1876,at least 1,3 Tremont St. (tract and book depot),Boston,MA,USA,436
968,1834,1834,87,87,Washington St.,Boston,MA,USA,438
980,1855,1855,1857,1857,"117 Washington St., Boston",Boston,MA,USA,443
979,1851,1851,1854,1854,"17 & 19 Cornhill St., Boston",Boston,MA,USA,443
978,1842,1842,1842,1842,"193 Essex St., Salem (per cataloged imprint)",Salem,MA,USA,443
981,1859,1859,1860,1860,"20 Washington St., Boston",Boston,MA,USA,443
998,1864,1864,1865,1865,11 & 13 Water St.,Boston,MA,USA,453
999,1866,1866,1867,1867,11 & 46 Water St.,Boston,MA,USA,453
1000,1868,1868,1870,1870,15 & 46 Water St.,Boston,MA,USA,453
996,1857,1857,1862,1862,3 Water St.,Boston,MA,USA,453
1001,1871,1871,1871,1871,46 Water St.,Boston,MA,USA,453
995,1847,1847,1851,1851,49 Portland St. (home),Boston,MA,USA,453
997,1863,1863,1863,1863,5 Water St.,Boston,MA,USA,453
1002,1872,1872,1876,at least 1,Main and Taylor Sts.,Springfield,MA,USA,454
1005,1823,1823,1823,1823,1 Cornhill St. (per cataloged imprint),Boston,MA,USA,457
1006,1825,1825,1826,1826,134 Washington St.,Boston,MA,USA,457
1014,1832,1832,1832,1832,9 Cornhill St.,Boston,MA,USA,460
1033,1835,1835,1839,1839,124 Washington St.,Boston,MA,USA,465
1035,1841,1841,1841,1841,19 Cornhill St.,Boston,MA,USA,465
1037,1844,1844,1844,1844,22 Cornhill St.,Boston,MA,USA,465
1034,1840,1840,1840,1840,8 State St.,Boston,MA,USA,465
1036,1842,1842,1843,1843,9 Cornhill St.,Boston,MA,USA,465
1045,1853,1853,1868,1868,14 State St.,Boston,MA,USA,468
1044,1833,1833,1852,1852,18 State St.,Boston,MA,USA,468
1042,1827,1827,1827,1827,25 Congress St.,Boston,MA,USA,468
1043,1828,1828,1831,1831,60 Congress St.,Boston,MA,USA,468
1046,1872,1872,1874,1874,34 & 36 Cornhill St.,Boston,MA,USA,469
1056,1858,1858,1873,1873,161 Washington St.,Boston,MA,USA,474
1117,1857,1857,1857,1857,"Box 456",Boston,MA,USA,492
1122,1796,1796,1796,1796,Water St.,Boston,MA,USA,495
1123,1877,1877,1884,1884,389 Main St.,Worcester,MA,USA,496
1136,1873,1873,1876,at least 1,1 Somerset St.,Boston,MA,USA,500
1134,1855,1855,1859,1859,120 Washington St.,Boston,MA,USA,500
1135,1860,1860,1871,1871,15 Cornhill St.,Boston,MA,USA,500
1133,1849,1849,1854,1854,5 S Russell St. (home),Boston,MA,USA,500
1209,1825,1825,1829,1829,"133 Washington St., Boston",Boston,MA,USA,539
1208,1820,1820,1823,1823 or 18,"75 Cornhill , Boston",Boston,MA,USA,539
1221,1836,1836,1837,1837,1 Cornhill St.,Boston,MA,USA,543
1224,1875,1875,1875,1875,101 Milk St.,Boston,MA,USA,545
1223,1874,1874,1874,1874,146 Franklin St.,Boston,MA,USA,545
1235,1875,1875,1875,1875,151 Washington St. (per imprint statement),Boston,MA,USA,550
1237,1876,1876,1876,1876,309 Washington St. opposite Old South Church (per imprint,Boston,MA,USA,550
1236,1876,1876,1876,1876,430 Washington St. (per imprint statement),Boston,MA,USA,550
1239,1836,1836,1851,1851,128 Washington St.,Boston,MA,USA,552
1240,1852,1852,1853,1853,56 Pleasant St. (home),Boston,MA,USA,552
1241,1854,1854,1860,1860,63 Devonshire St.,Boston,MA,USA,552
1287,1858,1858,1858,1858,10 North Grove St.,Boston,MA,USA,565
1289,1861,1861,1862,1862,10 North Grove St.,Boston,MA,USA,565
1285,1851,1851,1854,1854,11 Cornhill,Boston,MA,USA,565
1286,1855,1855,1857,1857,23 Cornhill,Boston,MA,USA,565
1288,1859,1859,1860,1860,60 Federal St.,Boston,MA,USA,565
1311,1855,1855,1859,1859,24 Cornhill St.,Boston,MA,USA,575
1312,1858,1858,1859,1859,29 Cornhill St.,Boston,MA,USA,575
1313,1866,1866,1867,1867,43 Washington St.,Boston,MA,USA,575
1314,1868,1868,1868,1868,43 Washington St. (per cataloged imprint),Boston,MA,USA,575
1329,1835,1835,1835,1835,17 State St.,Boston,MA,USA,583
1328,1831,1831,1834,1834,3 Water St.,Boston,MA,USA,583
1330,1848,1848,1851,1851,114 Washington St.,Boston,MA,USA,584
1339,1864,1864,1865,1865,18 Tremont St.,Boston,MA,USA,589
1337,1843,1843,1863,1863,8 State St.,Boston,MA,USA,589
1338,1846,1846,1846,1846,8 State St. and 198 Washington St.,Boston,MA,USA,589
1352,1836,1836,1837,1837,5 Exchange St.,Boston,MA,USA,596
1351,1834,1834,1835,1835,Water St.,Boston,MA,USA,596
1355,1856,1856,1856,1856,27 Cornhill St.,Boston,MA,USA,597
1354,1851,1851,1854,1854,29 Cornhill and 36 Brattle St.,Boston,MA,USA,597
1353,1847,1847,1851,1851,29 Cornhill St.,Boston,MA,USA,597
1363,1876,1876,1888,1888,32 Franklin St. cor. Hawley St.,Boston,MA,USA,601
1362,1868,1868,1875,1875,38  & 40 Cornhill St.,Boston,MA,USA,601
1364,1889,1889 ff.,1889,1889 ff.,Washington opp. Bromfield St.,Boston,MA,USA,601
1371,1842,1842,1843,1843,171 Main St.,Worcester,MA,USA,604
1373,1845,1845,1848,1848,171 Main St.,Worcester,MA,USA,604
1372,1844,1844,1844,1844,175 Main St.,Worcester,MA,USA,604
1374,1849,1849,1856,1856,199 Main St.,Worcester,MA,USA,604
1377,1868,1868,1871,1871,205 Main St.,Worcester,MA,USA,604
1376,1860,1860,1867,1867,212 Main St.,Worcester,MA,USA,604
1375,1857,1857,1859,1859,245 Main St.,Worcester,MA,USA,604
1379,1874,1874,1876,1876,28 Foster St.,Worcester,MA,USA,604
1381,1880,1880,1880,1880,32 Front St.,Worcester,MA,USA,604
1382,1881,1881,1893,1893,377 Main St.,Worcester,MA,USA,604
1378,1873,1873,1873,1873,392 Main St.,Worcester,MA,USA,604
1380,1877,1877,1879,1879,392 Main St.,Worcester,MA,USA,604
1391,1869,1869,1870,1870,"124 Tremont St., Boston",Boston,MA,USA,607
1410,1831,1831,1832,1832,184 Washington St.,Boston,MA,USA,616
1411,1845,1845,1847,1847,339 Washington St.,Boston,MA,USA,617
1417,1874,1874,1876,at least 1,26 & 28 Franklin St.,Boston,MA,USA,619
1415,1861,1861,871,l871 or l8,47 Milk St.,Boston,MA,USA,619
1416,873,l873,873,l873,516 Washington St.,Boston,MA,USA,619
1413,853,l853,854,l854,71 Kilby St.,Boston,MA,USA,619
1414,1855,1855,1860,1860,83 Milk St.,Boston,MA,USA,619
1421,1831,1831,1831,1831,3 Cornhill,Boston,MA,USA,622
1425,1839,1839,1839,1839,31 Cornhill,Boston,MA,USA,622
1420,1826,1826,1827,1827,362 Washington St.,Boston,MA,USA,622
1424,1836,1836,1838,1838,39 Washington St.,Boston,MA,USA,622
1422,1833,1833,1834,1834,4 Washington St.,Boston,MA,USA,622
1423,1835,1835,1835,1835,43 Washington St.,Boston,MA,USA,622
1439,1832,1832,1832,1832,14 Devonshire St.,Boston,MA,USA,625
1440,1836,1836,1836,1836,49 Poplar St. (home),Boston,MA,USA,625
1438,1830,1830,1831,1831,70 Chambers St.,Boston,MA,USA,625
1437,1825,1825 and 1,1825,1825 and 1,Charter St. (home),Boston,MA,USA,625
1441,1837,1837,1837,1837,N Grove St. (home),Boston,MA,USA,625
1484,1868,1868,1874,1874,24 Cornhill St.,Boston,MA,USA,645
1485,1876,1876 ff.,1876,1876 ff.,26 School St.,Boston,MA,USA,645
1492,1851,1851,1855,1855,113 Washington St.,Roxbury,MA,USA,649
1493,1856,1856,1856,1856,204 Washington St.,Roxbury,MA,USA,649
1494,1858,1858,1858,1858,3 Guild's Bldg.,Roxbury,MA,USA,649
1496,1860,1860,1860,1860,9 Guild's Bldg.,Roxbury,MA,USA,649
1491,1848,1848,1849,1849,boards at Mrs. M. Adams',Roxbury,MA,USA,649
1495,1859,1859,1859,1859,"Clerk's office, MA District Court",Roxbury,MA,USA,649
1497,1862,1862,1862,1862,Shawmut Ave.,Roxbury,MA,USA,649
1508,1841,1841,1844,1844,114 Washington St.,Boston,MA,USA,653
1516,1844,1844,1851,1851,1 Franklin Ave.,Boston,MA,USA,655
1518,1853,1853,1855,1855,100 Tremont at Greason's,Boston,MA,USA,655
1510,1834,1834,1834,1834,122 Washington St.,Boston,MA,USA,655
1519,1856,1856,1857,1857,158 Washington St.,Boston,MA,USA,655
1511,1835,1835,1835,1835,230 1/2 Washington St.,Boston,MA,USA,655
1512,1836,1836,1839,1839,232 Washington St.,Boston,MA,USA,655
1514,1840,1840,1840,1840,308 Washington St.,Boston,MA,USA,655
1513,1838,1838,1838,1838,308 Washington St. (per imprint),Boston,MA,USA,655
1523,1864,1864,1866,1866,38 Summer St.,Boston,MA,USA,655
1524,1870,1870,1874,1874,429 Washington St.,Boston,MA,USA,655
1515,1841,1841,1843,1843,50 Cornhill,Boston,MA,USA,655
1525,1876,1876,1876,1876,756 Washington St.,Boston,MA,USA,655
1520,1858,1858,1859,1859,81 Cornhill,Boston,MA,USA,655
1522,1862,1862,1863,1863,83 Sudbury St.,Boston,MA,USA,655
1521,1860,1860,1861,1861,92 Sudbury St.,Boston,MA,USA,655
1517,1852,1852,1852,1852,Montgomery House,Boston,MA,USA,655
1547,1869,1869,1869,1869,50 Bromfield St.,Boston,MA,USA,664
1549,1838,1838,1846,1846,120 Washington St.,Boston,MA,USA,665
1548,1836,1836,1837,1837,147 Washington St.,Boston,MA,USA,665
1550,1847,1847,1848,1848,154 Washington St.,Boston,MA,USA,665
1559,1846,1846,1846,1846,25 Cornhill,Boston,MA,USA,669
1569,1865,1865,1869,1869,117 Washington St.,Boston,MA,USA,674
1570,1870,1870,1870,1870,43 Washington St.,Boston,MA,USA,674
1574,1825,1825,1829,1829,184 Washington St.,Boston,MA,USA,677
1572,1822,1822,1823,1823,47 Marlboro St.,Boston,MA,USA,677
1573,1824,1824,1824,1824,Washington St.,Boston,MA,USA,677
1584,1854,At least 1,1866,at least 1,124 Main St.,Charlestown,MA,USA,680
1585,1868,At least 1,1873,at least 1,83 Main St.,Charlestown,MA,USA,680
1589,1846,1846,1846,1846,130 Washington St.,Boston,MA,USA,684
1590,1847,1847,1847,1847,78 Washington St.,Boston,MA,USA,684
1603,1887,1887,1887,1887,46 Federal St.,Boston,MA,USA,697
1604,1873,1873,1874,1874,1 Somerset St.,Boston,MA,USA,698
1605,1875,1875,1875,1875,"6 Cong'l House, Malden",Boston,MA,USA,698
1609,1833,1833,1835,1835,12 Hancock St. (home),Boston,MA,USA,700
1608,1831,1831,1832,1832,24 Court St.,Boston,MA,USA,700
1610,1836,1836,1836,1836,27 Leveret St. (home),Boston,MA,USA,700
1612,1848,1848,1849,1849,39 West Cedar  St. (home),Boston,MA,USA,700
1613,1850,1850,1851,1851,50 West Cedar (home),Boston,MA,USA,700
1614,1858,1858,1864,1864,51 Bowdoin St. (home),Boston,MA,USA,700
1611,1837,1837,1848,1848,State Bank (clerk),Boston,MA,USA,700
1622,1837,1837,1845,1845,67 Hanover St.,Boston,MA,USA,702
1621,1834,1834,1836,1836,80 and 37 Hanover St.,Boston,MA,USA,702
1631,1863,1863,1871,at least 1,73 Cornhill,Boston,MA,USA,706
1641,1852,1852,1853,1853,110 Washington St.,Boston,MA,USA,712
1642,1854,1854,1857,1857,114 Washington St.,Boston,MA,USA,712
1643,1861,1861,1863,1863,114 Washington St.,Boston,MA,USA,712
1644,1864,1864,1868,1868,131 Washington St.,Boston,MA,USA,712
1645,1860,1860,1860,1860,208 Washington St. (per cataloged imprint),Boston,MA,USA,712
1662,1856,1856,1868,1868,3 Cornhill,Boston,MA,USA,720
1663,1869,1869,1869,1869,3 Cornhill (per cataloged imprint),Boston,MA,USA,720
1666,1864,1864,1865,1865,1 Cornhill St.,Boston,MA,USA,722
1665,1857,1857,1863,1863,29 Cornhill St.,Boston,MA,USA,722
1667,1839,1839,1847,1847,131 Washington St.,Boston,MA,USA,723
1680,1830,1830,1830,1830,3 Cornhill St.,Boston,MA,USA,727
1678,1828,1828,1828,1828,362 Washington St.,Boston,MA,USA,727
1679,1829,1829,1829,1829,41 Washington St.,Boston,MA,USA,727
1701,1870,1870,1876,at least 1,32 Bromfield St.,Boston,MA,USA,735
1700,1868,1868,1869,1869,43 Washington St.,Boston,MA,USA,735
1708,1876,1876,1876,1876,"233 Main St., Springfield",Springfield,MA,USA,738
1707,1868,1868,1875,1875,"267 Main St., Taylor & Olmstead block, Springfield",Springfield,MA,USA,738
1705,1866,1866,1866,1866,"46 Court St., Boston",Boston,MA,USA,738
1706,1867,1867,1868,1868,"50 School St., Boston",Boston,MA,USA,738
1722,1870,1870,1871,1871,131 Congress St.,Boston,MA,USA,747
1723,1873,1873,1874,1874,17 Cornhill St.,Boston,MA,USA,747
1721,1858,1858,1869,1869,42 Congress St.,Boston,MA,USA,747
1724,1876,1876,1876,1876,49 Federal St.,Boston,MA,USA,747
1735,1847,1847,1852,1852,111 Washington St.,Boston,MA,USA,752
1734,1845,1845,1846,1846,118 Washington St.,Boston,MA,USA,752
1736,1860,1860,1861,1861,117 Washington St.,Boston,MA,USA,753
1754,1844,1844,1852,1852,104 Washington St.,Boston,MA,USA,761
1753,1832,1832,1835,1835,110 Washington St.,Boston,MA,USA,761
1751,1821,1821,1821,1821,18 Cornhill St.,Boston,MA,USA,761
1752,1822,1822,1831,1831,6 State St.,Boston,MA,USA,761
1749,1818,1818,1818,1818,76 State St.,Boston,MA,USA,761
1748,1816,1816,1816,1816,78 State St.,Boston,MA,USA,761
1750,1820,1820,1820,1820,Adams St.,Boston,MA,USA,761
1747,1813,1813,1813,1813,N. Russell St.,Boston,MA,USA,761
1765,1864,1864,1866,1866,37 Cornhill,Boston,MA,USA,767
1766,1866,1866,1873,1873,60 Sudbury St.,Boston,MA,USA,767
1769,1868,1868,1868,1868,55 Water St.,Boston,MA,USA,770
1789,1874,1874,1874,1874,123 Devonshire St.,Boston,MA,USA,777
1785,1860,1860,1863,1863,19 Water St.,Boston,MA,USA,777
1787,1870,1870,1871,1871,25 Hawley St.,Boston,MA,USA,777
1790,1876,1876,1876,1876,31 Hawley St.,Boston,MA,USA,777
1786,1864,1864,1869,1869,39 & 45 Water St.,Boston,MA,USA,777
1784,1854,1854,1859,1859,41 Congress St.,Boston,MA,USA,777
1788,1871,1871,1873,1873,71 Devonshiire St.,Boston,MA,USA,777
1783,1853,1853,1853,1853,Liberty Sq.,Boston,MA,USA,777
1798,1856,1856,1867,1867 or 18,105 & 107 Union St.,New Bedford,MA,USA,780
1827,1861,1861,1868,1868,13 Cornhill St.,Boston,MA,USA,799
1836,1839,1839,1845,1845,118 Washington St.,Boston,MA,USA,802
1837,1844,1844,1844,1844,136 Main St.,Worcester,MA,USA,803
1838,1845,1845,1846,1846,199 Main St.,Worcester,MA,USA,803
1839,1847,1847,1848,1848,201 Main St.,Worcester,MA,USA,803
1841,1853,1853,1856,1856,237 Main St.,Worcester,MA,USA,803
1840,1849,1849,1852,1852,239 Main St.,Worcester,MA,USA,803
1842,1857,1857,1861,1861,239 Main St.,Worcester,MA,USA,803
1850,1845,1845,1848,1848,133 Washington St.,Boston,MA,USA,806
1852,1859,1859,1869,1869,529 Main St.,Cambridge,MA,USA,807
1851,1848,1848,1858,1858,Main and Lee Sts. (home),Cambridge,MA,USA,807
1874,1806,1806,1806,1806,10 Court St.,Boston,MA,USA,815
1877,1824,1824 or 18,1840,1840,128 Washington St.,Boston,MA,USA,815
1875,1810,1810,1814,1814,4 Cornhill St.,Boston,MA,USA,815
1876,1816,1816,1824,1824,4 Cornhill St.,Boston,MA,USA,815
1873,1803,1803,1803,1803,71 State St.,Boston,MA,USA,815
1879,1843,1843,1846,1846,Devonshire St.,Boston,MA,USA,815
1878,1841,1841,1842,1842,"Devonshire St., corner of Spring Lane",Boston,MA,USA,815
1880,1846,1846,1853,1853,"Devonshire St., corner of Water St.",Boston,MA,USA,815
1884,1863,1863,1866,1866,15 Cornhill St.,Boston,MA,USA,819
1885,1867,1867,1868,1868,27 Cornhill St.,Boston,MA,USA,819
1886,1869,1869,1875,at least 1,50 Bromfield St.,Boston,MA,USA,819
1888,1858,1858,1858,1858,115 Washington St. (per cataloged imprint),Boston,MA,USA,820
1889,1859,1859,1859,1859,119 Washington St.,Boston,MA,USA,820
1887,1858,1858,1858,1858,76 & 78 Washington St.,Boston,MA,USA,820
1903,1847,1847,1848,1848,Main and Mechanic Sts.,Fitchburg,MA,USA,825
1918,1837,1837,1839,1839,8 Congress St.,Boston,MA,USA,830
1917,1836,1836,1836,1836,9 School St.,Boston,MA,USA,830
1921,1855,1855,1855,1855,207 Main St.,Worcester,MA,USA,832
1920,1854,1854,1854,1854,275 Main St.,Worcester,MA,USA,832
1934,1846,1846,1846,1846,52 Washington St.,Boston,MA,USA,837
1936,1846,1846,1850,1850,20 Washington St.,Boston,MA,USA,838
1935,1835,1835,1845,1845,77 Washington St.,Boston,MA,USA,838
1963,1855,1855,1856,1856,15 Cornhill St.,Boston,MA,USA,849
1964,1857,1857,1858,1858,22 Cornhill St.,Boston,MA,USA,849
1962,1854,1854,1854,1854,5 Cornhill St.,Boston,MA,USA,849
1961,1852,1852,1853,1853,7 Cornhill St.,Boston,MA,USA,849
1960,1849,1849,1851,1851,Fourth St. near L (home),Boston,MA,USA,849
1970,1830,1830,1832,1832,"134 Washington St., Boston",Boston,MA,USA,855
1981,1872,1872,1876,1876,126 Essex St.,Salem,MA,USA,859
1979,1866,1866,1866,1866,126 Essex St. (home),Salem,MA,USA,859
1977,1850,1850,1857,1857,151 Essex St.,Salem,MA,USA,859
1978,1859,1859,1864,1864,243 Essex St.,Salem,MA,USA,859
1980,1869,1869,1869,1869,29 Washington St.,Salem,MA,USA,859
1987,1856,1856,1858,1858,114 Washington St.,Boston,MA,USA,863
2012,1873,1873,1873,1873,"53 Washington St., Boston",Boston,MA,USA,875
2016,1854,1854,1860,1860,"53 Devonshire St., Boston",Boston,MA,USA,876
2032,1870,1870,1876,1876,115 Water St.,Boston,MA,USA,884
2052,1835,1835,1858,1858,128 Washington St.,Boston,MA,USA,891
2077,1868,1868,1868,1868,37 Cornhill St.,Boston,MA,USA,905
2080,1843,1843,1845,1845,123 Washington St.,Boston,MA,USA,907
2079,1838,1838,1842,1842,40 State St.,Boston,MA,USA,907
2100,1865,1865,1865,1865,22 Cornhill St.,Boston,MA,USA,914
2101,1832,1832,1832,1832,17 Cornhill St.,Boston,MA,USA,915
2103,1834,1834,1839,1839,19 Washington St.,Boston,MA,USA,915
2104,1840,1840,1846,1846,37 Cornhill St.,Boston,MA,USA,915
2102,1833,1833,1833,1833,52 Cornhill St.,Boston,MA,USA,915
2109,1843,1843,1843,1843,"10 School St., Boston",Boston,MA,USA,917
2108,1841,1841,1842,1842,"121 Washington St., Boston",Boston,MA,USA,917
2111,1862,1862,1866,1866,"119 Washington St. S.S. Depository",Boston,MA,USA,918
2112,1867,1867,1870,1870,"203 Washington St., publisher of Student & Schoolmate.",Boston,MA,USA,918
2113,1871,1871,1871,1871,"366 Washington St.",Boston,MA,USA,918
2110,1861,1861,1861,1861,"55 Rutland St. (home)",Boston,MA,USA,918
2114,1873,1873,1874,1874,"601 Dorchester Ave.",Boston,MA,USA,918
2115,1833,1833,1833,1833,122 Washington St.,Boston,MA,USA,919
2116,1834,1834,1834,1834,122 Washington St. (printer); 362 Washington St. (bookseller,Boston,MA,USA,919
2121,1863,1863,1863,1863,13 Ashburton Place (home),Boston,MA,USA,919
2119,1850,1850,1852,1852,138 1/2 Washington St.,Boston,MA,USA,919
2118,1845,1845,1849,1849,141 Washington St.,Boston,MA,USA,919
2117,1835,1835,1844,1844,362 Washington St.,Boston,MA,USA,919
2122,1864,1864,1874,1874,80 Washington St.,Boston,MA,USA,919
2120,1853,1853,1862,1862,94 Tremont St.,Boston,MA,USA,919
2124,1835,1835,1835,1835,17 School St.,Boston,MA,USA,921
2125,1836,1836,1838,1838,9 School St.,Boston,MA,USA,921
2128,1857,1857,1862,1862,139 Washington St.,Boston,MA,USA,924
2135,1857,1857 and 1,1857,1857 and 1,114 and 116 Washington St. (per cataloged imprint),Boston,MA,USA,926
2140,1873,1873,1874,1874,3 Beacon St.,Boston,MA,USA,931
2186,1857,1857,1857,1857,25 & 29 Cornhill St.,Boston,MA,USA,952
2211,1830,1830,1832,1832,124 Washington St.,Boston,MA,USA,955
2212,1833,1833,1835,1835,141 Washington St.,Boston,MA,USA,955
2208,1821,1821,1823,1823,18 Cornhill St.,Boston,MA,USA,955
2210,1829,1829,1829,1829,50 Washington St.,Boston,MA,USA,955
2207,1820,1820,1820,1820,59 Cornhill St.,Boston,MA,USA,955
2209,1825,1825,1826,1826,94 Washington St.,Boston,MA,USA,955
2225,1845,1845,1847,1847,196 Main St.,Worcester,MA,USA,960
2226,1848,1848,1849,1849,"212 Main St., found on game",Worcester,MA,USA,960
2236,1842,At least 1,1848,1848,177 Main St.,Worcester,MA,USA,968
2237,1849,1849,1850,1850,205 Main St.,Worcester,MA,USA,968
2277,1840,At least 1,1854,at least 1,13 West St.,Boston,MA,USA,980
2285,1876,1876,1876,1876,505 Main St.,Boston,MA,USA,984
2325,1824,1824,1827,1827,47 Washington St.,Boston,MA,USA,1001
2326,1828,1828,1863,1863,47 Washington St.,Boston,MA,USA,1001
2324,1820,1820,1823,1823,50 Cornhill,Boston,MA,USA,1001
2327,1864,1864,1876,1876,51 Washington St.,Boston,MA,USA,1001
2334,1832,1832,1835,1835,127 Washington St.,,MA,USA,1006
2335,1835,1835,1835,1835,14 Water St.,,MA,USA,1006
2333,1831,1831,1831,1831,"Atheneum, over 184 Washington St.",,MA,USA,1006
2373,1874,1874,1874,1874,86 Harrison Ave.,Boston,MA,USA,1025
2372,1873,1873,1873,1873,89 Court St.,Boston,MA,USA,1025
2400,1851,1851,1851,1851,120 Washington St.,Boston,MA,USA,1038
2399,1845,1845,1850,1850,138 1/2 Washington St.,Boston,MA,USA,1038
2398,1821,1821,1823,1823,45 Cornhill,Boston,MA,USA,1038
2401,1859,1859,1859,1859,611 Washington St. (per cataloged imprint),Boston,MA,USA,1038
2410,1846,1846,1849,1849,3 Pemberton Sq.,Boston,MA,USA,1042
2411,1850,1850,1881,at least 1,9 Cornhill St.,Boston,MA,USA,1042
2481,1829,1829,1829,1829,302 Washington St. (per cataloged imprints),Boston,MA,USA,1084
2485,1855,1855,1856,1856,94 Washington St.,Boston,MA,USA,1086
2488,1849,1849,1849,1849,11 Cornhill St.,Boston,MA,USA,1088
2489,1850,1850,1851,1851,19 Washington St.,Boston,MA,USA,1088
2493,1843,1843,1843,1843,"12 Madison Place, Boston (home)",Boston,MA,USA,1091
2495,1849,1849,1850,1850,"20 LaGrange Place, Boston (home)",Boston,MA,USA,1091
2496,1851,1851,1856,1856,"258 Tremont St., Boston (home)",Boston,MA,USA,1091
2494,1844,1844,1848,1848,"l0 Kingston St., Boston (home)",Boston,MA,USA,1091
2492,1828,1828,1828,1828,"North Allen St., Boston",Boston,MA,USA,1091
2498,1869,1869,1874,1874,122 Washington St.,Boston,MA,USA,1093
2499,1875,1875,1876,at least 1,39 Arch St.,Boston,MA,USA,1093
2537,1830,1830,1832,1832,"11 School St. (Boston) printer",Boston,MA,USA,1106
2538,1833,1833,1834,1834,"with Allen & Ticknor (W.D.) (Boston) bookseller",Boston,MA,USA,1106
2542,1847,1847,1848,1848,12 School St.,Boston,MA,USA,1108
2543,1849,1849,1852,1852,120 Washington St.,Boston,MA,USA,1108
2544,1851,1851,1851,1851,3 State St.,Newburyport,MA,USA,1109
2565,1863,1863,1864,1864,221 Washington St.,Boston,MA,USA,1117
2566,1851,1851,1851,1851,Remington St.,Cambridge,MA,USA,1119
2576,1847,1847,1848,1848,102 Main St.,Worcester,MA,USA,1127
2577,1849,1849,1854,1854,124 Main St.,Worcester,MA,USA,1127
2575,1846,1846,1846,1846,16 1/2 Main St. (home),Worcester,MA,USA,1127
2579,1860,1860,1860,1860,207 Main St.,Worcester,MA,USA,1127
2578,1855,1855,1859,1859,209 Main St.,Worcester,MA,USA,1127
2580,1861,1861,1871,1871,239 Main St.,Worcester,MA,USA,1127
2581,1872,1872,1877,1877,387 Main St.,Worcester,MA,USA,1127
2589,1836,1836,1866,1866,131 Washington St.,Boston,MA,USA,1133
2588,1821,1821,1821,1821,131 Washington St. (per cataloged imprint),Boston,MA,USA,1133
2612,1832,1832,1835,1835,141 Washington St.,Boston,MA,USA,1145
2613,1837,1837,1838,1838,6 Water St.,Boston,MA,USA,1145
2627,1843,1843,1855,1855,78 Washington St.,Boston,MA,USA,1153
2639,1826,1826,1830,1830,134 Washington St.,Boston,MA,USA,1161
2642,1863,1863,1871,1871 or 18,27 Cornhill St.,Boston,MA,USA,1163
2643,1871,1871 or 18,1874,at least 1,27 Washington St.,Boston,MA,USA,1163
2641,1847,1847,1862,1862,37 Cornhill St.,Boston,MA,USA,1163
2657,1857,1857,1858,1858,43 Cornhill St.,Boston,MA,USA,1172
2656,1856,1856,1856,1856,61 Cornhill St.,Boston,MA,USA,1172
2660,1849,1849,1867,at least 1,11 Milk St.,Boston,MA,USA,1174
2659,1848,1848,1848,1848,5 Milk St.,Boston,MA,USA,1174
2673,1837,1837,1837,1837,11 Cornhill St.,Boston,MA,USA,1181
2671,1828,1828,1833,1833,20 Market St.,Boston,MA,USA,1181
2672,1833,1833,1836,1836,9 Cornhill St.,Boston,MA,USA,1181
2707,1825,1825 (per,1848,1848,132 Washington St. and Spring Lane,Boston,MA,USA,1197
2706,1815,1815,1823,1823 (per,2 Cornhill,Boston,MA,USA,1197
2708,1848,1848,1849,1849,Chapman Place (home),Boston,MA,USA,1197
2712,1847,1847,1852,1852,138 1/2 Washington St.,Boston,MA,USA,1199
2741,1861,1861,1861,1861,43 Washington St.,Boston,MA,USA,1208
2765,1869,1869,1869,1869,Amity St. (home),Amherst,MA,USA,1221
2767,1853,1853,1853,1853,Central Exchange   proceedings,Worcester,MA,USA,1224
2769,1838,1838,1846,1846,66 Congress St.,Boston,MA,USA,1225
2768,1837,1837,1837,1837,Franklin Ave.,Boston,MA,USA,1225
2770,1853,1853,1865,1865,205 Main St.,Worcester,MA,USA,1226
2772,1847,1847,1870,1870,57 Washington St.,Boston,MA,USA,1228
2774,1847,1847,1847,1847,1 Cornhill,Boston,MA,USA,1230
2775,1848,1848,1848,1848,3 Cornhill,Boston,MA,USA,1230
2776,1849,1849,1851,1851,5 Cornhill,Boston,MA,USA,1230
2796,1833,1833,1833,1833,131 Washington St.,Boston,MA,USA,1246
2795,1829,1829,1830,1830,Washington St. cor. School St.,Boston,MA,USA,1246
2799,1862,1862,1865,1865,25 Cornhill St.,Boston,MA,USA,1248
2802,1837,1837,1837,1837,"123 Essex St. ",Salem,MA,USA,1251
2819,1854,1854,1859,1859,"10 State St.",Boston,MA,USA,1256
2820,1860,1860,1863,1863,"120 Washington St.",Boston,MA,USA,1256
2817,1834,1834,1834,1834,"14 Devonshire",Boston,MA,USA,1256
2812,1828,1828,1828,1828,"36 Washington St.",Boston,MA,USA,1256
2810,1825,1825,1826,1826,"5 Stillman Place",Boston,MA,USA,1256
2818,1835,1835,1836,1836,"6 Congress Sq.",Boston,MA,USA,1256
2811,1827,1827,1827,1827,"68 Hanover St.",Boston,MA,USA,1256
2813,1829,1829,1829,1829,"Bridge ",Boston,MA,USA,1256
2816,1833,1833,1833,1833,"Bridge Ct.",Boston,MA,USA,1256
2814,1830,1830,1830,1830,"Franklin Ave.",Boston,MA,USA,1256
2815,1831,1831,1832,1832,"Travers St.",Boston,MA,USA,1256
2855,1832,1832,1832,1832,"127 Washington St., Boston",Boston,MA,USA,1263
2853,1829,1829,1830,1830,"147 Washington St., Boston (home)",Boston,MA,USA,1263
2854,1831,1831,1831,1831,"19 Water St., Boston",Boston,MA,USA,1263
2852,1828,1828,1828,1828,"28 Elliott St., Boston (home)",Boston,MA,USA,1263
2850,1828,1828,1828,1828,"Bromfield Lane, Boston (per cataloged imprint)",Boston,MA,USA,1263
2851,1829,1829 and 1,1829,1829 and 1,"School St., Boston (per cataloged imprint)",Boston,MA,USA,1263
2870,1842,1842,1843,1843,109 Washington St.,Boston,MA,USA,1274
2872,1846,1846,1847,1847,113 Washington St.,Boston,MA,USA,1274
2871,1844,1844,1845,1845,39 Washington St.,Boston,MA,USA,1274
2880,1849,1849,1853,1853,221 Washington St.,Boston,MA,USA,1278
2901,1866,1866,1866,1866,21 Bromfield St.,Boston,MA,USA,1288
2902,1867,1867,1868,1868,25 Bromfield St.,Boston,MA,USA,1288
2903,1851,1851,1855,1855,3 Water St.,Boston,MA,USA,1289
2904,1828,1828,1828,1828,Bromfield Lane (per cataloged imprints),Boston,MA,USA,1290
2905,1829,1829,1830,1830,School St. (per cataloged imprints),Boston,MA,USA,1290
2913,1851,1851,1862,1862,"22 School St., Boston",Boston,MA,USA,1296
2914,1863,1863,1863,1863,"5 Water St., Boston",Boston,MA,USA,1296
2915,1869,1869,1874,at least 1,"848 Main St., corner of Mt. Auburn St., Cambridge",Cambridge,MA,USA,1296
2920,1835,1835,1850,1850,59 Washington St.,Boston,MA,USA,1299
2936,1851,1851,1851,1851,1 1/2 Spring Lane,Boston,MA,USA,1305
2937,1852,1852,1852,1852,1 Kneeland Place,Boston,MA,USA,1305
2934,1847,1847,1848,1848,14 Morton Place,Boston,MA,USA,1305
2935,1849,1849,1850,1850,2 Water St.,Boston,MA,USA,1305
2938,1849,1849,1849,1849,3 Cornhill  (per cataloged imprint),Boston,MA,USA,1306
2941,1823,1823,1823,1823,"13 Exchange St.",Boston,MA,USA,1309
2945,1839,1839,1839,1839,"143 Washington St.",Boston,MA,USA,1309
2949,1847,1847,1848,1848,"26 School St.",Boston,MA,USA,1309
2946,1840,1840,1841,1841,"388 Washington St",Boston,MA,USA,1309
2942,1824,1824,1833,1833,"390 Washington St.",Boston,MA,USA,1309
2947,1842,1842,1846,1846,"418 Washington St.",Boston,MA,USA,1309
2948,1843,1843,1843,1843,"63 Court St.",Boston,MA,USA,1309
2944,1835,1835,1837,1837,"8 School St.",Boston,MA,USA,1309
2943,1834,1834,1834,1834,"Brighton",Boston,MA,USA,1309
2952,1873,1873,1873,1873,53 1/2 Main St.,Cambridge,MA,USA,1312
2978,1826,1826,1829,1829,"82 State St., Boston",Boston,MA,USA,1323
2984,1835,1835,1841,1841,"19 Water St., Boston",Boston,MA,USA,1325
2982,1832,1832,1833,1833,"362 Washington St., Boston",Boston,MA,USA,1325
2983,1834,1834,1834,1834,"Spring Lane, Boston",Boston,MA,USA,1325
2985,1859,1859,1859,1859,19 Winter St.,Boston,MA,USA,1327
2986,1860,1860,1860,1860,21 Bromfield St.,Boston,MA,USA,1327
3015,1850,1850,1850,1850,24 State St. (per directory),Newburyport,MA,USA,1341
3013,1821,1821,1837,at least 1,9 State St.,Newburyport,MA,USA,1341
3014,1849,1849,1849,1849,"Phenix Building, State St.",Newburyport,MA,USA,1341
3018,1838,1838,1839,1839,30 Cornhill St.,Boston,MA,USA,1343
3019,1840,1840,1851,1851,40 Cornhill St.,Boston,MA,USA,1343
3020,1852,1852,1860,1860,61 Cornhill St.,Boston,MA,USA,1343
3017,1837,1837,1837,1837,over 40 Ann St.,Boston,MA,USA,1343
3024,1831,1831,1833,1833,164 Washington St.,Boston,MA,USA,1346
3025,1834,1834,1843,1843,57 Washington St.,Boston,MA,USA,1346
3026,1858,1858,1864,1864,57 Washington St.,Boston,MA,USA,1346
3028,1848,1848,1849,1849,12 Exchange St.,Worcester,MA,USA,1347
3029,1850,1850,1851,1851,355 Main St. (home),Worcester,MA,USA,1347
3031,1875,1875,1894,1894,"Hamilton Printing Office, 11 Exchange St.",Worcester,MA,USA,1347
3030,1852,1852,1874,1874,Paladium Office,Worcester,MA,USA,1347
3027,1846,1846,1847,1847,Thomas St. (home),Worcester,MA,USA,1347
3032,1853,1853,1859,1859,106 Congress St.,Boston,MA,USA,1349
3035,1873,1873,1875,1875,302 Washington St.,Boston,MA,USA,1349
3036,1876,1876,1876,1876,505 Washington St. and 42-44 Franklin St.,Boston,MA,USA,1349
3033,1860,1860,1868,1868,78 Federal St.,Boston,MA,USA,1349
3034,1870,1870,1871,1871,98-100 Summer St.,Boston,MA,USA,1349
3058,1829,1829,1831,1831,"32 Merchants Row, Boston",Boston,MA,USA,1358
3057,1822,1822,1828,1828,"Wilson Lane, Boston",Boston,MA,USA,1358
3081,1805,1805,1805,1805,13 Hanover St. (home),Boston,MA,USA,1362
3083,1809,1809,1810,1810,3 Suffolk Place (home),Boston,MA,USA,1362
3085,1824,1824 or 1825,1837,1837,364 Washington St.,Boston,MA,USA,1362
3086,1837,1837 ff.,1837,1837 ff.,5 La  Grange Place (home),Boston,MA,USA,1362
3084,1813,1813,1823,1823 or 1824,90 Newbury St.,Boston,MA,USA,1362
3080,1802,1802,1802,1802,Munroe & Francis St.,Boston,MA,USA,1362
3082,1806,1806,1807,1807,Williams' Court (home),Boston,MA,USA,1362
3089,1837,1837,1840,1840,121 Washington St.,Boston,MA,USA,1365
3112,1825,1825,1829,1829,362 Washington St.,Boston,MA,USA,1372
3126,1871,1871,1871,1871,117 Washington St.,Boston,MA,USA,1380
3127,1873,1873,1874,1874,219 Washington St. and 10 Bromfield St.,Boston,MA,USA,1380
3134,1832,1832,1832,1832,8 School St.,Boston,MA,USA,1383
3140,1837,1837,1838,1838,3 School St.,Boston,MA,USA,1389
3144,1845,1845,1845,1845,138 1/2 Washington St.,Boston,MA,USA,1394
3143,1842,1842,1844,1844,184 Washington St.,Boston,MA,USA,1394
3147,1842,1842,1844,1844,12 Water St.,Boston,MA,USA,1395
3145,1835,1835,1847,1847,122 Washington St.,Boston,MA,USA,1395
3148,1845,1845,1847,1847,141 Washington St.,Boston,MA,USA,1395
3146,1838,1838,1841,1841,21 Devonshire St.,Boston,MA,USA,1395
3179,1827,1827,1827,1827,2 School St.,Boston,MA,USA,1409
3180,1838,1838,1838,1838,6 Chambers St. (home),Boston,MA,USA,1409
3178,1836,1836,1836,1836,9 Cornhill St.,Boston,MA,USA,1409
3197,1835,1835,1860,1860,2 School St.,Boston,MA,USA,1417
3196,1829,1829,1835,1835,Wilson's Lane,Boston,MA,USA,1417
3202,1865,1865,1865,1865,32 Cornhill St.,Boston,MA,USA,1420
3201,1862,1862,1864,1864,47 Cornhill St.,Boston,MA,USA,1420
3207,1821,1821,1821,1821,1822,Boston,MA,USA,1422
3211,1829,1829,1829,1829,29 Union St. (library and bookstore),Boston,MA,USA,1422
3204,1809,1809,1823,1823,3 Hanover St.,Boston,MA,USA,1422
3209,1824,1824,1824,1824,3 Hanover St. (per imprint statement),Boston,MA,USA,1422
3208,1823,1823,1823,1823,also 29 Union St. (per imprint statement and directory),Boston,MA,USA,1422
3206,1821,1821,1821,1821,also 36 Union St. (per imprint statement),Boston,MA,USA,1422
3205,1818,D: 1818,1818,D: 1818,also 38 Market St.,Boston,MA,USA,1422
3218,1829,1829,1829,1829,2 State St.,Newburyport,MA,USA,1428
3217,1821,"1821, 1824",1821,"1821, 1824",4 State St.,Newburyport,MA,USA,1428
3228,1845,1845,1855,1855,32 Merrimack St.,Lowell,MA,USA,1432
3227,1842,1842,1844,1844,87 Merrimack St.,Lowell,MA,USA,1432
3234,1877,1877,1877,1877,30 Hanover St.,Boston,MA,USA,1438
3242,1856,1856,1856,1856,110 Washington St.,Boston,MA,USA,1446
3246,1869,1869,1870,1870,55 Water St.,Boston,MA,USA,1449
3261,1842,1842,1846,1846,11 Cornhill St.,Boston,MA,USA,1456
3257,1835,1835,1835,1835,3 Cornhill St.,Boston,MA,USA,1456
3258,1836,1836,1836,1836,39 Washington St.,Boston,MA,USA,1456
3256,1834,1834,1834,1834,4 Poplar St. (home),Boston,MA,USA,1456
3259,1837,1837,1837,1837,4 Poplar St. (home),Boston,MA,USA,1456
3255,1832,1832,1832,1832,81 Warren St. (home),Boston,MA,USA,1456
3260,1838,1838,1840,1840,Lowell (home),Boston,MA,USA,1456
3303,1839,1839,1848,1848,14 Devonshire St.,Boston,MA,USA,1475
3320,1849,1849,1864,1864,66 Congress St.,Boston,MA,USA,1483
3322,1834,1834,1837,1837,Andover,Andover,MA,USA,1485
3337,1864,1864,1866,1866,223 Washington St.,Boston,MA,USA,1492
3338,1870,1870,1875,1875,33 Washington St. (under Marlboro Hotel),Boston,MA,USA,1492
3339,1856,1856,1857,1857,86 Washington St.,Boston,MA,USA,1493
3349,1850,1850,1864,1864,37 Cornhill St.,,MA,USA,1498
3352,1865,1865,1868,1868,1 Cornhill St.,Boston,MA,USA,1501
3354,1864,1864,1864,1864,23 Cornhill St.,Boston,MA,USA,1503
3380,1870,1870,1870,1870,145 Tremont St.,Boston,MA,USA,1513
3386,1862,1862,1865,1865,117 Washington St.,Boston,MA,USA,1516
3389,1844,1844,1844,1844,118 Washington St.,Boston,MA,USA,1519
3397,1856,1856,1856,1856,1 Water St.,Boston,MA,USA,1523
3396,1843,1843,1850,1850,3 Water St.,Boston,MA,USA,1523
3398,1857,1857,1859,1859,4 spring Lane,Boston,MA,USA,1523
3403,1858,1858,1858,1858,13 Washington St.,Boston,MA,USA,1528
3407,1848,1848,1849,1849,17-19 Cornhill St.,Boston,MA,USA,1530
3405,1843,1843,1844,1844,29 Cornhill St.,Boston,MA,USA,1530
3406,1845,1845,1845,1845,Exchange Coffee House (home),Boston,MA,USA,1530
3414,1857,1857,1868,1868,"100 Washington St.",Boston,MA,USA,1533
3415,1870,1870,1874,1874,"135 Washington St.",Boston,MA,USA,1533
3416,1875,1875,1875,1875,"283 Washington St. cor. School",Boston,MA,USA,1533
3419,1842,1842,1842,1842,118 1/2 Washington St. (per cataloged imprint),Boston,MA,USA,1535
3420,1843,1843,1844,1844,118 Washington St.,Boston,MA,USA,1535
3418,1825,1825,1825,1825,Salem St.,Boston,MA,USA,1535
3454,1847,1847,1850,1850,12 Water St.,Boston,MA,USA,1548
3460,1845,1845,1859,1859,32 Congress St.,Boston,MA,USA,1552
3462,1861,1861,1871,1871,32 Congress St.,Boston,MA,USA,1552
3461,1860,1860,1860,1860,32 Congress St. and 2 Spring Lane,Boston,MA,USA,1552
3463,1872,1872,1872,1872,34 Merchants Row,Boston,MA,USA,1552
3464,1837,1837,1841,1841,9 Cornhill,Boston,MA,USA,1553
3476,1877,1877,1877,1877,47 Franklin St.,Boston,MA,USA,1558
3477,1860,1860,1860,1860,21 School St.,Boston,MA,USA,1559
3478,1861,1861,1861,1861,32 Congress St.,Boston,MA,USA,1559
3479,1862,1862,1868,1868,37 S. Grove St. (home),Boston,MA,USA,1559
3483,1838,1838,1847,1847,22 Court St.,Boston,MA,USA,1562
3484,1848,1848,1849,1849,9 Cornhill St.,Boston,MA,USA,1562
3496,1876,1876,1876,1876,81 Washington St. and 10 Bromfield St.,Boston,MA,USA,1570
3504,1872,1872,1874,1874,110 & 112 State St.,Springfield,MA,USA,1573
3505,1875,1875,1876,1876,114 State St.,Springfield,MA,USA,1573
3503,1869,1869,1871,1871,6 1/2 State St.,Springfield,MA,USA,1573
3500,1832,1832,1832,1832,State St. (per cataloged imprint),Springfield,MA,USA,1573
3501,1836,1836,1848,1848,State St. cor. Main St.,Springfield,MA,USA,1573
3502,1857,1857,1857,1857,W. State St.,Springfield,MA,USA,1573
3512,1851,1851,1860,1860,"71 Court St., Boston",Boston,MA,USA,1577
3524,1830,1830,1832,1832,1 School St.,Boston,MA,USA,1580
3529,1849,1849,1851,1851,11 1/2 School St.,Boston,MA,USA,1583
3528,1844,1844,1848,1848,12 School St.,Boston,MA,USA,1583
3530,1852,1852,1853,1853,27 School St.,Boston,MA,USA,1583
3544,1854,1854,1854,1854,31 State St. (per cataloged imprint),Boston,MA,USA,1590
3542,1845,1845,1845,1845,47 Court St. (per cataloged imprint),Boston,MA,USA,1590
3543,1852,1852,1852,1852,State St. (per cataloged imprint),Boston,MA,USA,1590
3558,1831,1831,1835,1835,11 Merrimac St.,Lowell,MA,USA,1596
3566,1834,1834,1843,1843,135 Washington St. (corner of Washington and School St.),Boston,MA,USA,1601
3578,1863,1863,1869,1869,29 Cornhill St.,Boston,MA,USA,1607
3593,1848,1848,1848,1848,4 Wilson St.,Boston,MA,USA,1615
3592,1830,1830,1848,1848,52 Washington St.,Boston,MA,USA,1615
3620,1852,1852,1856,1856,111 Washington St.,Boston,MA,USA,1629
3622,1858,1858,1860,1860,117 Washington St.,Boston,MA,USA,1629
3621,1857,1857,1857,1857,249 Washington St.,Boston,MA,USA,1629
3627,1855,1855,1856,1856,131 Washington  St.,Boston,MA,USA,1635
3630,1850,1850,1851,1851,21 State St.,Newburyport,MA,USA,1637
3631,1853,1853,1854,1854,21 State St.,Newburyport,MA,USA,1637
3632,1856,1856,1856,1856,21 State St.,Newburyport,MA,USA,1637
3629,1849,1849,1849,1849,State St.,Newburyport,MA,USA,1637
3655,1852,1852 (at l,1863,1863 (at l,"128 Federal St., Boston",Boston,MA,USA,1648
3656,1850,1850,1851,1851,100 Washington St.,Boston,MA,USA,1650
3658,1854,1854,1859,1859,20 Washington St.,Boston,MA,USA,1653
3677,1852,1852,1856,1856,61 Cornhill St.,,MA,USA,1661
3678,1852,1852,1854,1854,131 Washington St.,Boston,MA,USA,1662
3687,1833,1833,1836,1836,8 School St. (per directories and cataloged imprints),Boston,MA,USA,1670
3691,1869,1869,1869,1869,53 Merrimack St.,Haverhill,MA,USA,1674
3692,1872,1872,1872,1872,65 Merrimack St.,Haverhill,MA,USA,1674
3693,1874,1874,1874,1874,"65 Merrimack St., books",Haverhill,MA,USA,1674
3695,1876,1876,1876,1876,"67 Merrimack St., books",Haverhill,MA,USA,1674
3694,1874,1874,1874,1874,"77 Merrimack St., printer",Haverhill,MA,USA,1674
3696,1869,1869,1869,1869,129 Washington St. (per statement on game),Boston,MA,USA,1675
3703,1865,1865,1865,1865,37 Congress St.,Boston,MA,USA,1682
3704,1866,1866,1867,1867,37 Cornhill St.,Boston,MA,USA,1682
3707,1832,1832,1833,1833,"131 Washington St., Boston",Boston,MA,USA,1684
3708,1834,1834,1838,1838,"133 Washington St., Boston",Boston,MA,USA,1684
3706,1830,1830,1831,1831,"362 Washington St., Boston",Boston,MA,USA,1684
3710,1832,1832,1832,1832,43 Washington St.,Boston,MA,USA,1685
3709,1831,1831,1831,1831,62 Washington St.,Boston,MA,USA,1685
3743,1781,1781,1794,at least 1,46 Cornhill St. (Shakespeare's Head),Boston,MA,USA,1696
3744,1841,1841,1842,1842,17 School St.,Boston,MA,USA,1697
3745,1843,1843,1852,1852,21 School St.,Boston,MA,USA,1697
3747,1839,1839,1858,1858,28 Cornhill St.,Boston,MA,USA,1698
3746,1833,1833,1838,1838,5 Cornhill St.,Boston,MA,USA,1698
3772,1860,1860,1860,1860,13 Washington St. (per cat. impr.),Boston,MA,USA,1714
3773,1861,1861,1862,1862,46 Bromfield St.,Boston,MA,USA,1714
3777,1848,1848,1866,1866,109 Mt. Vernon St. (home),Boston,MA,USA,1716
3775,1833,1833,1838,1838,130 Washington St.,Boston,MA,USA,1716
3776,1839,1839,1847,1847,22 Court St.,Boston,MA,USA,1716
3824,1816,1816,1818,1818,13 Exchange St.,Boston,MA,USA,1733
3823,1809,1809,1810,1810,7 State St.,Boston,MA,USA,1733
3822,1800,1800,1808,1808,State St.,Boston,MA,USA,1733
3847,1860,1860,1863,1863,Riverside,Cambridge,MA,USA,1738
3849,1865,1865,1865,1865,37 Cornhill St.,Boston,MA,USA,1740
3879,1856,1856,1857,1857,25 and 29 Cornhill St.,Boston,MA,USA,1747
3885,1865,1865,1865,1865,25 Cornhill (per cataloged imprint),Boston,MA,USA,1749
3886,1866,1866,1866,1866,37 Cornhill St. (per cataloged imprint),Boston,MA,USA,1749
3891,1865,1865,1865,1865,124 Tremont St.,Boston,MA,USA,1751
3892,1866,1866,1869,1869,124 Tremont St.,Boston,MA,USA,1751
3890,1855,1855,1864,1864,135 Washington St.,Boston,MA,USA,1751
3916,1834,1834,1834,1834,11 School St.,Boston,MA,USA,1765
3923,1829,1829,1829,1829,"West Bradford, MA (per cataloged imprint)",West Bradford,MA,USA,1769
3960,1875,1875,1875,1875,176 Tremont St.,Boston,MA,USA,1780
3953,1858,1858,1865,1865,333 Washington St.,Boston,MA,USA,1780
3954,1866,1866,1866,1866,333 Washington St. and 5 Hanover St.,Boston,MA,USA,1780
3956,1870,1870,1870,1870,351 and 365 Washington St.,Boston,MA,USA,1780
3958,1873,1873,1873,1873,365 and 643 Washington St.,Boston,MA,USA,1780
3955,1867,1867,1869,1869,365 Washington St.,Boston,MA,USA,1780
3952,1857,1857,1857,1857,371 Washington St.,Boston,MA,USA,1780
3959,1874,1874,1874,1874,74 Tremont St.,Boston,MA,USA,1780
3957,1871,1871,1871,1871,"87 Hanover St., 351 and 365 Washington St.",Boston,MA,USA,1780
3973,1822,1822,1824,1824,13 Cornhill St.,Boston,MA,USA,1789
3972,1821,1821,1821,1821,6 Court St.,Boston,MA,USA,1789
3984,1855,1855,1866,at least 1,"13 Cornhill St., Sunday School Society, Boston",Boston,MA,USA,1795
3983,1849,1849,1849,1849,"Market Sq., Newburyport",Newburyport,MA,USA,1795
3995,1870,1870,1872,1872,40 Winter St.  (per cataloged imprints),Boston,MA,USA,1801
4004,1853,1853,1864,1864 or 18,226 1/2 Essex St.,Salem,MA,USA,1809
4003,1837,1837,1853,1853,230 Essex St.,Salem,MA,USA,1809
4006,1839,1839,1861,at least 1,190 Essex St.,Salem,MA,USA,1810
4005,1837,1837,1837,1837,225 Essex St.,Salem,MA,USA,1810
4014,1827,1827,1827,1827,24 Congress St. (per cataloged imprint),Boston,MA,USA,1815
4012,1826,1826,1826,1826,39 Washington St.,Boston,MA,USA,1815
4015,1828,1828,1828,1828,63 Broad St.,Boston,MA,USA,1815
4011,1818,1818,1825,1825,Congress St.,Boston,MA,USA,1815
4013,1826,1826,1826,1826,Congress St. (per cataloged imprint),Boston,MA,USA,1815
4030,1850,1850,1851,1851,20 Cornhill St.,Boston,MA,USA,1820
4029,1847,1847,1849,1849,77 Washington St.,Boston,MA,USA,1820
4058,1822,1822,1822,1822,47 Marlboro St.,Boston,MA,USA,1836
4059,1825,1825,1827,1827,827 Congress SW,Boston,MA,USA,1836
4080,1854,1854,1854,1854,41 Congress St.,Boston,MA,USA,1843
4097,1831,1831,1845,1845,110 Washington St.,Boston,MA,USA,1852
4098,1846,1846,1849,1849,26 Devonshire St.,Boston,MA,USA,1852
4096,1828,1828,1828,1828,81 Court St.,Boston,MA,USA,1852
4100,1869,1869,1871,1871,3 Cornhill St.,Boston,MA,USA,1855
4102,1836,1836,1839,1839,32 Cornhill St. Universalist Depository,Boston,MA,USA,1856
4101,1834,1834,1835,1835,32 Washington St.,Boston,MA,USA,1856
4103,1840,1840,1860,1860,38 Cornhill,Boston,MA,USA,1856
4104,1860,1860,1860,1860,Main and Temple Sts.,Cambridge,MA,USA,1857
4123,1845,1845,1845,1845,3 Pleasant St.,Newburyport,MA,USA,1865
4135,1852,1852,1861,1861,112 Washington St.,Boston,MA,USA,1871
4137,1844,1844,1846,1846,1 Cornhill St.,Boston,MA,USA,1873
4140,1869,1869,1876,at least 1,20 Cornhill St.,Boston,MA,USA,1874
4138,1858,1858,1858,1858,23 Cornhill St.,Boston,MA,USA,1874
4139,1859,1859,1862,1862,24 Cornhill St.,Boston,MA,USA,1874
4160,1842,1842,1842,1842,10 Newton Place (home),Boston,MA,USA,1880
4162,1846,1846,1849,1849,107 Hanover St.,Boston,MA,USA,1880
4161,1843,1843,1845,1845,32 Cornhill St.,Boston,MA,USA,1880
4180,1837,1837,1842,1842,32 Congress St.,Boston,MA,USA,1889
4190,1860,1860,1860,1860,37 & 39 Brattle St.,Boston,MA,USA,1897
4192,1865,1865,1867,1867,37 & 39 Brattle St.,Boston,MA,USA,1897
4193,1868,1868,1868,1868,37 Brattle St.,Boston,MA,USA,1897
4191,1860,1860,1864,1864,39 Brattle St.,Boston,MA,USA,1897
4195,1858,1858,1861,at least 1,23 Central St.,Lowell,MA,USA,1899
4196,1864,1864,1864,1864,37 Merrimack St.,Lowell,MA,USA,1899
4228,1859,1859,1866,1866,203 Main St.,Springfield,MA,USA,1909
4229,1867,1867,1871,1871,207 Main St.,Springfield,MA,USA,1909
4230,1872,1872,1877,at least 1,409 Main St.,Springfield,MA,USA,1909
4227,1854,1854,1858,1858,Sanford and Market Sts.,Springfield,MA,USA,1909
4262,1826,1826,1833,1833,"Salem Gazette Press, Court St.",Salem,MA,USA,1924
4318,1852,1852,1854,1854,100 Washington St.,Boston,MA,USA,1946
4319,1855,1855,1858,1858,161 Washington St.,Boston,MA,USA,1946
4332,1841,1841,1841,1841,10 School St.,Boston,MA,USA,1952
4333,1842,1842,1849,1849,12 School St.,Boston,MA,USA,1952
4327,1830,1830,1830,1830,14 Chambers St.,Boston,MA,USA,1952
4334,1850,1850,1855,1855,23 School St.,Boston,MA,USA,1952
4335,1856,1856,1872,1872,3 Beacon St.,Boston,MA,USA,1952
4329,1832,1832,1832,1832,33 Sumner St.,Boston,MA,USA,1952
4328,1831,1831,1831,1831,7 Franklin St.,Boston,MA,USA,1952
4326,1829,1829,1829,1829,8 Galaxy St.,Boston,MA,USA,1952
4330,1833,1833,1836,1836,"Circulation Library, 11 School St.",Boston,MA,USA,1952
4331,1837,1837,1840,1840,"Circulation Library, 121 Washington St.",Boston,MA,USA,1952
4340,1850,1850,1853,1853,45 Marion St.,Boston,MA,USA,1957
4343,1862,1862,1865,1865,"Franklin Printing House, 112 Congress St.",Boston,MA,USA,1957
4344,1866,1866,1868,1868,"Franklin Printing House, 134 Washington St.",Boston,MA,USA,1957
4341,1854,1854,1855,1855,"Franklin Printing House, 210 Washington St.",Boston,MA,USA,1957
4342,1856,1856,1861,1861,"Franklin Printing House, Franklin St. cor. Hawley St.",Boston,MA,USA,1957
4345,1841,1841,1843,1843,10 School St.,Boston,MA,USA,1958
4371,1868,1868,1868,1868,687 _ Washington St.,Boston,MA,USA,1973
4378,1913,1913,1915,1915,"25 Foster St., Worcester",Worcester,MA,USA,1976
4393,1860,1860,1861,1861,109 Washington St.,Boston,MA,USA,1986
4392,1850,1850,1850,1850,120 Washington St. (per cataloged imprint),Boston,MA,USA,1986
4395,1864,1864,1865,1865,15 Water St.,Boston,MA,USA,1986
4396,1866,1866,1866,1866,16 Niles Block,Boston,MA,USA,1986
4397,1867,1867,1867,1867,34 Washington St.,Boston,MA,USA,1986
4394,1862,1862,1863,1863,5 Water St.,Boston,MA,USA,1986
4398,1812,1812,1823,1823,1 Cornhill St.,Cambridge,MA,USA,1987
4399,1821,1821,1823,1823,"66 State St.",Boston,MA,USA,1988
4400,1824,1824,1846,1846,"72 State St.",Boston,MA,USA,1988
4405,1828,1828,1839,1839,27 Court St.,Boston,MA,USA,1991
4403,1807,1807,1807,1807,52 Back St. (home and store),Boston,MA,USA,1991
4404,1816,1816,1827,1827,94 Court St.,Boston,MA,USA,1991
4407,1851,1851,1874,at least 1,59 Washington St.,Boston,MA,USA,1993
4410,1871,1871,1873,1873,124 Tremont St.,Boston,MA,USA,1996
4412,1880,1880,1880,1880,211 Tremont St.,Boston,MA,USA,1996
4411,1874,1874,1876,at least 1,Franklin and Federal Sts.,Boston,MA,USA,1996
4418,1893,1893,1893,1893,120 Tremont St.,Boston,MA,USA,2000
4420,1840,1840,1840,1840,Congress and Water Sts.,Boston,MA,USA,2002
4431,1867,1867,1876,at least 1,154 Tremont St.,Boston,MA,USA,2005
4430,1854,1854,1866,1866,274 Washington St.,Boston,MA,USA,2005
4433,1855,1855,1855,1855,1 Rollins Pl. (home),Boston,MA,USA,2007
4435,1857,1857,1857,1857,23 Congress St. (per cataloged imprint),Boston,MA,USA,2007
4434,1856,1856,1856,1856,43 1/2 Congress St.,Boston,MA,USA,2007
4436,1860,1860,1868,1868,"Harvard Sq., 1 Dunster St.",Cambridge,MA,USA,2008
4445,1860,1860,1861,1861,25 Cornhill St. and 29 Cornhill St.,Boston,MA,USA,2011
4455,1829,1829,1830,1830,9 Cornhill St.,Boston,MA,USA,2019
4466,1847,1847,1849,1849,also 15 State St.,Boston,MA,USA,2024
4465,1846,1846,1853,1853,Spring Lane,Boston,MA,USA,2024
4488,1849,1849,1849,1849,142 Merrimack St.,Lowell,MA,USA,2029
4511,1856,1856,1859,1859,129 Congress St.,Boston,MA,USA,2035
4509,1853,1853,1853,1853,23 High St. (home),Boston,MA,USA,2035
4510,1854,1854,1855,1855,3 Cornhill St.,Boston,MA,USA,2035
4512,1860,1860,1862,1862,70 Sudbury St.,Boston,MA,USA,2035
4519,1835,1835,1836,1836,"121 Washington St., Boston",Boston,MA,USA,2039
4525,1846,1846,1847,1847,"30 Cornhill St., Boston",Boston,MA,USA,2039
4529,1824,1824,1828,1828,Ferry' Press,Northampton,MA,USA,2040
4532,1861,1861,1865,1865,2 School St.,Boston,MA,USA,2041
4530,1825,1825,1825,1825,4 Congress St. (per cataloged imprint),Boston,MA,USA,2041
4531,1826,1826,1828,1828,Congress Sq.,Boston,MA,USA,2041
4533,1842,1842,1842,1842,10 School St. (per imprint statement),Boston,MA,USA,2042
4534,1844,1844,1846,1846,12 School St.,Boston,MA,USA,2042
4540,1836,1836,1836,1836,2 Oliver St. (home),Boston,MA,USA,2046
4541,1837,1837,1837,1837,62 High St. (home),Boston,MA,USA,2046
4559,1860,1860,1869,1869,40 Congress St.,Boston,MA,USA,2053
4560,1850,1850,1856,1856,"71 Main St.",Worcester,MA,USA,2054
4564,1843,1843,1849,1849,135 Washington St.,Boston,MA,USA,2058
4565,1849,1849,1864,1864,66 Congress St.,Boston,MA,USA,2059
4570,1825,1825,1828,1828,16 Milk St.,Boston,MA,USA,2064
4571,1829,1829,1830,1830,40 Milk St.,Boston,MA,USA,2064
4577,1835,1835,1836,1836,3 Water St.,Boston,MA,USA,2067
4581,1858,1858,1858,1858,16 Franklin St.,Boston,MA,USA,2071
4585,1840,1840,1841,1841,109 Washington St.,Boston,MA,USA,2073
4586,1864,1864,1864,1864,37 Cornhill St.,Boston,MA,USA,2074
4595,1829,1829,1830,1830,1 School St.,Boston,MA,USA,2080
4603,1826,1826,1827,1827,13 Court St.,Boston,MA,USA,2083
4604,1828,1828,1828,1828,1831,Boston,MA,USA,2083
4610,1872,1872,1873,1873,151 Washington St.,Boston,MA,USA,2086
4611,1874,1874,1874,1874,Congress and Franklin Sts.,Boston,MA,USA,2086
4612,1863,1863 (at l,1864,1864 or 18,190 Essex St.,Salem,MA,USA,2087
4613,1866,1866,1874,1874,243 Essex St.,Salem,MA,USA,2087
4615,1836,1836,1837,1837,17 School St.,Boston,MA,USA,2088
4614,1835,1835,1835,1835,8 School St.,Boston,MA,USA,2088
4616,1868,1868,1868,1868,21 Cornhill St.,Boston,MA,USA,2089
4637,1833,1833ff.,1833,1833ff.,14 Water St.,Boston,MA,USA,2106
4636,1828,1828,1833,1833,6-8 Congress St.,Boston,MA,USA,2106
4641,1868,1868,1872,1872,20 Cornhill St.,Boston,MA,USA,2110
4642,1842,1842,1849,1849,403 Washington St.,Boston,MA,USA,2111
4645,1855,1855,1855,1855,885 Washington St. (home),Boston,MA,USA,2111
4643,1850,1850,1852,1852,"Liberty Tree bookstore, 376 Washington St.",Boston,MA,USA,2111
4644,1853,1853,1854,1854,"Liberty Tree bookstore, 456 Washington St.",Boston,MA,USA,2111
4650,1849,1849,1854,1854,110 Washington St.,Boston,MA,USA,2115
4651,1855,1855,1859,1859,13 Winter St.,Boston,MA,USA,2115
4667,1855,1855,1855,1855,"142 Washington St., Boston",Boston,MA,USA,2123
4690,1856,1856,1870,1870,36 Cornhill,Boston,MA,USA,2133
4694,1829,1829,1829,1829,18 Main St. (Lincoln Square),Worcester,MA,USA,2134
4692,1829,1829,1829,1829,"18 Main St., Lincoln Square (per directory)",Worcester,MA,USA,2134
4691,1821,1821,1829,1829,Exchange Hotel Building (north end),Worcester,MA,USA,2134
4693,1829,1829,1838,1838,Goddard's Row (see Charles Nutt's History of Worcester and,Worcester,MA,USA,2134
4701,1860,1860,1870,1870,13 Washington St.,Boston,MA,USA,2138
4702,1871,1871,1874,at least 1,36 Bromfield St.,Boston,MA,USA,2138
4705,1838,1838,1841,1841,1 Cornhill St.,Boston,MA,USA,2140
4704,1834,1834,1834,1834,3 Cornhill St.,Boston,MA,USA,2140
4706,1842,1842,1845,1845,3 Cornhill St.,Boston,MA,USA,2140
4712,1838,1838,1838,1838,122 Washington St.,Boston,MA,USA,2143
4728,1852,1852,1859,1859,128 Washington St.,Boston,MA,USA,2150
4730,1863,1863,1865,1865,134 Washington St.,Boston,MA,USA,2150
4732,1871,1871,1871,1871,2 Hamilton Place,Boston,MA,USA,2150
4731,1866,1866,1870,1870,203 Washington St.,Boston,MA,USA,2150
4729,1860,1860,1862,1862,94 Washington St.,Boston,MA,USA,2150
4750,1821,1821,1822,1822,1 Brattle St.,Boston,MA,USA,2154
4749,1821,1821,1821,1821,corner of Court and Brattle St. (per cataloged imprint),Boston,MA,USA,2154
4751,1850,1850,1853,1853,81 Cornhill St.,Boston,MA,USA,2155
4762,1846,1846,1853,1853,78 Washington,Boston,MA,USA,2159
4769,1813,1813,1824,1824,"16 Milk St., Boston",Boston,MA,USA,2162
4767,1807,1807,1809,1809,"2 Orange St., Boston",Boston,MA,USA,2162
4765,1805,1805,1805,1805,"Federal Court, Boston",Boston,MA,USA,2162
4768,1810,1810,1810,1810,"Lendel Lane, Boston",Boston,MA,USA,2162
4766,1806,1806,1806,1806,"Russell St., Boston",Boston,MA,USA,2162
4780,1873,1873,1873,1873,"10 Bromfield Boston",Boston,MA,USA,2163
4773,1832,1832,1840,1840,"114 Washington St. Perkins & Marvin printer Boston",Boston,MA,USA,2163
4778,1872,1872,1872,1872,"117 Washington St. Boston",Boston,MA,USA,2163
4776,1869,1869,1869,1869,"148 Tremont St. Boston",Boston,MA,USA,2163
4777,1870,1870,1871,1871,"164 Tremont St. Boston",Boston,MA,USA,2163
4779,1873,1873,1873,1873,"219 Washington St. Boston",Boston,MA,USA,2163
4781,1874,1874,1875,1875,"219 Washington St. Boston",Boston,MA,USA,2163
4772,1831,1831,1831,1831,"24 Congress St. T.R. Marvin printer Boston",Boston,MA,USA,2163
4774,1841,1841,1841,1841,"24 Congress St. T.R. Marvin printer Boston",Boston,MA,USA,2163
4775,1842,1842,1868,1868,"28 Cornhill Boston",Boston,MA,USA,2163
4771,1828,1828,1830,1830,"32 Congress St. T.R. Marvin printer Boston",Boston,MA,USA,2163
4782,1876,1876,1876,1876,"381 Washington St. Boston",Boston,MA,USA,2163
4770,1827,1827,1827,1827,"Congress St. T.R. Marvin printer Boston",Boston,MA,USA,2163
4783,1823,1823,1826,1826,"Flagg & Gould printer Andover",Andover,MA,USA,2163
4794,1836,1836,1836,1836,Church St. (home),Boston,MA,USA,2165
4795,1837,1837,1837,1837,Franklin Ave.,Boston,MA,USA,2165
4798,1866,1866,1866,1866,"21 Bromfield St.",Boston,MA,USA,2167
4799,1866,1866,1874,1874,"25 Bromfield St.",Boston,MA,USA,2167
4800,1876,1876,1876,1876,"4 Pearl St.",Boston,MA,USA,2167
4812,1769,1769,1813,1813,18 Marlborough St.,Boston,MA,USA,2171
4814,1849,1849,1855,1855,152 Washington St.,Boston,MA,USA,2172
4813,1848,1848,1848,1848,428 Washington St.,Boston,MA,USA,2172
4816,1863,1863,1868,1868,159 Washington St.,Boston,MA,USA,2173
4817,1870,1870,1873,1873 (at l,218 Washington St.,Boston,MA,USA,2173
4815,1861,1861,1862,1862,34 Merchants Row,Boston,MA,USA,2173
4818,1876,1876,1876,1876,47 Franklin and 286 Roxbury St.,Boston,MA,USA,2173
4846,1839,1839,1839,1839,"10 Water St., Boston",Boston,MA,USA,2182
4845,1838,1838,1838,1838,"4 Water St., Boston",Boston,MA,USA,2182
4848,1851,1851,1855,1855,17 & 19 Cornhill St.,Boston,MA,USA,2183
4849,1858,1858,1860,1860,20 Washington St.,Boston,MA,USA,2183
4847,1847,1847,1850,1850,23 Cornhill St.,Boston,MA,USA,2183
4852,1844,1844,1853,1853,13 Court St.,Boston,MA,USA,2185
4885,1831,1831,1836,1836,40 Main St.,Charlestown,MA,USA,2200
4891,1859,1859,1859,1859,25 and 29 Cornhill St.,Boston,MA,USA,2204
4890,1858,1858,1858,1858,29 Cornhill St.,Boston,MA,USA,2204
4898,1831,1831,1833,1833,19 Water St.,Boston,MA,USA,2207
4896,1822,1822,1826,1826,6 Merchants Hall,Boston,MA,USA,2207
4897,1828,1828,1829,1829,7 Merchants Hall,Boston,MA,USA,2207
4904,1821,1821,1825,1825,5 Court St.,Boston,MA,USA,2211
4910,1865,1865,1865,1865,13 Washington St.,Boston,MA,USA,2213
4911,1865,1865,1867,1867,13 Washington St.,Boston,MA,USA,2213
4909,1862,1862,1864,1864,4 Spring Lane,Boston,MA,USA,2213
4913,1874,1874,1876,1876,73 Federal St.,Boston,MA,USA,2213
4912,1868,1868,1875,1875,Washiongton St.,Boston,MA,USA,2213
4914,1837,1837,1837,1837,11 or 13 Chestnut St.,Boston,MA,USA,2214
4923,1859,1859,1859,1859,4 Spring Lane (per cataloged imprint),Boston,MA,USA,2222
4935,1831,1831,1836,1836,25 Hamilton St. (home),Boston,MA,USA,2231
4934,1830,1830,1830,1830,5 Milk St.,Boston,MA,USA,2231
4933,1829,1829,1829,1829,55 Charter St.,Boston,MA,USA,2231
4932,1828,1828,1828,1828,67 Charter St.,Boston,MA,USA,2231
4939,1862,1862,1866,1866,43 Washington St.,Boston,MA,USA,2233
4941,1871,1871,1871,1871,19 Cornhill,Boston,MA,USA,2234
4940,1870,1870,1873,1873,29 Cornhill,Boston,MA,USA,2234
4954,1845,1845,1845,1845,"21 School St.",Boston,MA,USA,2238
4955,1846,1846,1846,1846,"339 Washington St.",Boston,MA,USA,2238
4982,1846,1846,1849,1849,110 Washington St.,Boston,MA,USA,2246
4981,1845,1845,1845,1845,122 Washington St.,Boston,MA,USA,2246
4985,1863,1863,1867,1867,24 Cornhill St.,Boston,MA,USA,2249
5020,1863,1863,1875,1875,143 Washington St.,Boston,MA,USA,2270
5019,1861,1861,1862,1862,149 Washington St.,Boston,MA,USA,2270
5021,1876,1876,1876,1876,299 Washington St.,Boston,MA,USA,2270
5025,1875,1875,1876,1876,23 Franklin St.,Boston,MA,USA,2272
5024,1870,1870,1871,1871,34 & 36 Cornhill St.,Boston,MA,USA,2272
5027,1847,1847,1848,1848,Main St.,Fitchburg,MA,USA,2274
5033,1849,1849,1850,1850,State and Middle Sts.,Newburyport,MA,USA,2280
5035,1837,1837,1841,1841,17 School St.,Boston,MA,USA,2282
5045,1844,1844,1846,1846,20 Cornhill,Boston,MA,USA,2288
5046,1856,1856,1864,1864,24 Cornhill,Boston,MA,USA,2288
5044,1843,1843,1843,1843,9 Cornhill,Boston,MA,USA,2288
5049,1836,1836,1837,1837,15 Central Exchange,Worcester,MA,USA,2292
5053,1859,1859,1862,1862,1 Cornhill St.,Boston,MA,USA,2296
5054,1861,1861,1861,1861,13 Washington St. (per cataloged imprint),Boston,MA,USA,2296
5069,1829,1829,1833,1833,Water St.,Boston,MA,USA,2305
5072,1868,1868,1870,1870,"117 Washington St., Boston",Boston,MA,USA,2306
5070,1867,1867?,1867,1867?,"117 Washington St., Boston (per undated imprint statement)",Boston,MA,USA,2306
5109,1885,1885,1885,1885,"Tremont Place, Boston",Boston,MA,USA,2320
5111,1865,1865,1865,1865,"37 Cornhill St., Boston",Boston,MA,USA,2321
5116,1828,1828,1829,1829,79 Washington St.,Boston,MA,USA,2325
5119,1852,1852,1852,1852,11 Cornhill St.,Boston,MA,USA,2326
5120,1853,1853,1855,1855,15 Brattle St.,Boston,MA,USA,2326
5117,1836,1836,1846,1846,3 Cronhill St.,Boston,MA,USA,2326
5121,1856,1856,1857,1857,4 Cornhill St.,Boston,MA,USA,2326
5122,1859,1859,1859,1859,40 Congress St.,Boston,MA,USA,2326
5118,1847,1847,1851,1851,66 Cornhill St.,Boston,MA,USA,2326
5138,1853,1853,1855,1855,36 Cornhill,Boston,MA,USA,2333
5137,1848,1848,1852,1852,64 Cornhill St.,Boston,MA,USA,2333
5141,1859,1859,1859,1859,221 1/2 Winter St.,Boston,MA,USA,2336
5142,1860,1860,1860,1860,322 Washington St.,Boston,MA,USA,2336
5143,1861,1861,1864,1864,Custom House,Boston,MA,USA,2336
5148,1866,1866,1866,1866,13 School St. (also listed),Boston,MA,USA,2340
5149,1867,1867,1871,1871,145 Tremont St.,Boston,MA,USA,2340
5147,1863,1863,1866,1866,3 Beacon St.,Boston,MA,USA,2340
5162,1842,At least 1,1848,1848,100 Main St.,Worcester,MA,USA,2346
5170,1858,1858,1864,1864,"106 Washington St., Boston",Boston,MA,USA,2351
5171,1865,1865,1869,1869,"135 Washington St., Boston",Boston,MA,USA,2351
5178,1865,1865,1866,1866,245 Washington St.,Boston,MA,USA,2356
5219,1857,1857,1857,1857,"28 Phoenix Building",Boston,MA,USA,2374
5218,1856,1856,1856,1856,"28 Phoenix Building (also listed as Cowles & Co.)",Boston,MA,USA,2374
5236,1845,1845,1847,1847,130 Washington St.,Boston,MA,USA,2382
5237,1851,1851,1861,1861,16 Devonshire St.,Boston,MA,USA,2382
5238,1862,1862,1863,1863,20 Washington St.,Boston,MA,USA,2382
5240,1869,1869,1869,1869,289 Washington St.,Boston,MA,USA,2382
5239,1863,1863,1869,1869,3 Milk St.,Boston,MA,USA,2382
5234,1843,1843,1843,1843,52 Washington St.,Boston,MA,USA,2382
5235,1844,1844,1844,1844,57 Washington St.,Boston,MA,USA,2382
5233,1833,1833,1833,1833,57 Washington St. (per cataloged imprint),Boston,MA,USA,2382
5251,1858,1858,1863,1863,11 Water St.,Boston,MA,USA,2385
5250,1857,1857,1857,1857,120 Washington St.,Boston,MA,USA,2385
5252,1864,1864,1864,1864,21 Water St.,Boston,MA,USA,2385
5254,1867,1867,1869,1869,27 Water St. and 26 Spring Lane,Boston,MA,USA,2385
5253,1865,1865,1866,1866,32 Devonshire St.,Boston,MA,USA,2385
5257,1874,1874,1874,1874,4 Liberty Sq.,Boston,MA,USA,2385
5256,1871,1871,1871,1871,51 Water St. and 57 Congress St.,Boston,MA,USA,2385
5255,1870,1870,1870,1870,95 Avon St.,Boston,MA,USA,2385
5262,1835,1835,1836,1836,"31 Cornhill",Boston,MA,USA,2390
5265,1843,1843,1843,1843,18 Devonshire St.,Cambridge,MA,USA,2394
5266,1856,1856,1859,1859,Main and Temple Sts.,Cambridge,MA,USA,2394
5278,1842,1842,1850,1850,403 Washington St.,Boston,MA,USA,2400
5279,1851,1851,1854,1854,"456 Washington St., Liberty Tree Bookstore",Boston,MA,USA,2400
5326,1876,1876,1876,1876,51 Hanover St.,Boston,MA,USA,2415
5345,1834,1834,1837,1837,193 Essex St.,Salem,MA,USA,2427
5346,1837,1837,1845,1845,11 Cornhill,Boston,MA,USA,2428
5347,1846,1846,1852,1852,428 Washington St.,Boston,MA,USA,2428
5348,1853,1853,1853,1853,526 Washington St.,Boston,MA,USA,2428
5351,1837,1837,1853,1853,232 Essex St.,Salem,MA,USA,2430
5371,1827,1827,1831,1831,18 Court St.,Boston,MA,USA,2439
5370,1826,1826,1826,1826,91 Court St.,Boston,MA,USA,2439
5369,1813,1813,1825,1825,98  (or 97) Court St.,Boston,MA,USA,2439
5382,1839,1839,1843,1843,100 Washington St.,Boston,MA,USA,2443
5381,1826,1826,1838,1838,118 Washington St.,Boston,MA,USA,2443
5379,1806,1806,1818,1818,3 Court St.,Boston,MA,USA,2443
5380,1818,1818,1825,1825,4 Court St.,Boston,MA,USA,2443
5388,1857,1857,1857,1857,16 Grove St.,Boston,MA,USA,2445
5389,1858,1858,1858,1858,526 Washington St.,Boston,MA,USA,2445
5390,1859,1859,1871,1871,over Boylston Market,Boston,MA,USA,2445
5391,1854,1854,1858,1858,"2 School St.",Boston,MA,USA,2446
5392,1858,1858,1875,1875,"34 School St.",Boston,MA,USA,2446
5397,1830,1830,1849,1849,24 Congress St.,Boston,MA,USA,2449
5396,1823,1823,1830,1830,"32 Congress St., Spears Buildings",Boston,MA,USA,2449
5398,1851,1851,1854,1854,42 Congress St.,Boston,MA,USA,2449
5408,1872,1872,1872,1872,17 Province St.,Boston,MA,USA,2453
5409,1873,1873,1873,1873,19 Province St.,Boston,MA,USA,2453
5406,1860,1860,1868,1868,4 Spring Lane,Boston,MA,USA,2453
5405,1859,1859,1859,1859,4 Spring Lane (per imprint),Boston,MA,USA,2453
5407,1869,1869,1871,1871,"79 Milk St., corner of Federal St.",Boston,MA,USA,2453
5410,1874,1874,1876,at least 1,"79 Milk St., corner of Federal St.",Boston,MA,USA,2453
5427,1866,1866,1873,1873,68 Cornhill St.,Boston,MA,USA,2466
5429,1853,1853,1855,1855,86 Washington St.,Boston,MA,USA,2468
5446,1816,1816,1823,1823,1 South Row,Boston,MA,USA,2473
5447,1825,1825,1838,1838,136 Washington St.,Boston,MA,USA,2473
5444,1807,1807,1807,1807,25 School St.,Boston,MA,USA,2473
5443,1805,1805,1806,1806,6 Devonshire St.,Boston,MA,USA,2473
5445,1809,1809,1810,1810,School St.,Boston,MA,USA,2473
5442,1800,1800,1803,1803,State St.,Boston,MA,USA,2473
5448,1828,1828,1834,1834,"134 Washington St., Boston",Boston,MA,USA,2474
5456,1845,1845,1847,1847,"114 Washington St., Boston",Boston,MA,USA,2479
5457,1865,1865,1866,1866,23 Cornhill,Boston,MA,USA,2480
5459,1832,1832,1846,1846,29 Cornhill St.,Boston,MA,USA,2481
5458,1831,1831,1831,1831,36 Washington St.,Boston,MA,USA,2481
5467,1845,1845,1848,1848,135 Main St.,Worcester,MA,USA,2485
5469,1851,1851,1851,1851,143 & 275 Main St.,Worcester,MA,USA,2485
5468,1849,1849,1850,1850,143 Main St.,Worcester,MA,USA,2485
5466,1842,1842,1844,1844,154 Main St.,Worcester,MA,USA,2485
5470,1852,1852,1853,1853,275 Main St.,Worcester,MA,USA,2485
5498,1870,1870,1871,1871,228 Main St.,Worcester,MA,USA,2495
5497,1869,1869,1869,1869,263 Main St.,Worcester,MA,USA,2495
5499,1872,1872,1873,1873,410 Main St.,Worcester,MA,USA,2495
5510,1825,1825,1826,1826,14 State St.,Boston,MA,USA,2501
5514,1853,1853,1856,1856,79 Cornhill St.,Boston,MA,USA,2504
5519,1869,1869,1870,1870,324 Washington St.,Boston,MA,USA,2507
5520,1871,1871,1873,1873,339 Washington St.,Boston,MA,USA,2507
5518,1864,1864,1867,1867 or 18,46 Congress St.,Boston,MA,USA,2507
5517,1856,1856,1863,1863,6 Williams Court,Boston,MA,USA,2507
5522,1819,1819,1823,1823,10 Congress St.,Boston,MA,USA,2508
5535,1846,1846,1848,1848,11 Fayette St. (home),Boston,MA,USA,2508
5540,1857,1857,1859,1859,13 Bromfield St. M.C.M.A.,Boston,MA,USA,2508
5533,184301844,184301844,184301844,184301844,14 High St. (home),Boston,MA,USA,2508
5526,1834,1834,1834,1834,16 Devonshire St.,Boston,MA,USA,2508
5523,1825,1825,1825,1825,169 Washington St.,Boston,MA,USA,2508
5525,1831,1831,1833,1833,19 Water St.,Boston,MA,USA,2508
5530,1839,1839,1839,1839,20 Atkinson St. (home),Boston,MA,USA,2508
5532,1841,1841,1841,1841,20 Atkinson St. (home),Boston,MA,USA,2508
5541,1860,1860,1862,1862,28 State St.,Boston,MA,USA,2508
5536,1849,1849,1849,1849,30 1/2 School St.,Boston,MA,USA,2508
5527,1835,1835,1835,1835,34 Warren St.,Boston,MA,USA,2508
5524,1826,1826,1830,1830,4 Province House Row,Boston,MA,USA,2508
5528,1836,1836,1836,1836,47 Court St. (home),Boston,MA,USA,2508
5529,1838,1838,1838,1838,5 Fayette St.,Boston,MA,USA,2508
5531,1840,1840,1840,1840,72 State St.,Boston,MA,USA,2508
5538,1853,1853,1854,1854,86 Washington St.,Boston,MA,USA,2508
5539,1855,1855,1856,1856,95 1/2 Washington St.,Boston,MA,USA,2508
5537,1850,1850,1852,1852,97 Washington St.,Boston,MA,USA,2508
5534,1845,1845,1845,1845,Carver St. (home),Boston,MA,USA,2508
5521,1818,1818,1818,1818,Devonshire St.,Boston,MA,USA,2508
5577,1861,1861,1861,1861,"Bow",Cambridge,MA,USA,2527
5576,1853,1853,1860,1860,"Remington",Cambridge,MA,USA,2527
5582,1873,1873,1876,at least 1,117 Franklin St.,Boston,MA,USA,2532
5581,1873,1873,1873,1873,3 Cornhill,Boston,MA,USA,2532
5594,1831,1831,1832,1832,37 Court St.,Boston,MA,USA,2535
5595,1833,1833,1834,1834,50 Congress St.,Boston,MA,USA,2535
5592,1829,1829,1829,1829,50 Washington St.,Boston,MA,USA,2535
5599,1846,1846,1846,1846,50-Federal St.,Boston,MA,USA,2535
5593,1830,1830,1830,1830,60 Washington St.,Boston,MA,USA,2535
5600,1850,1850,1855,1855,91 Federal St.,Boston,MA,USA,2535
5596,1835,1835,1835,1835,Batterymarch,Boston,MA,USA,2535
5598,1838,1838,1845,1845,Milk St.,Boston,MA,USA,2535
5597,1836,1836,1837,1837,Milk St. corner Devonshire St.,Boston,MA,USA,2535
5601,1865,1865,1866,1866,41 Brattle St.,Boston,MA,USA,2536
5602,1832,1832,1842,1842,11 Merrimac St.,Lowell,MA,USA,2537
5603,1847,1847 & 184,1847,1847 & 184,142 Merrimac St.,Lowell,MA,USA,2537
5609,1826,1826,1827,1827,244 Washington St.,Boston,MA,USA,2543
5610,1828,1828,1828,1828,"Athenaeum, Pearl St.",Boston,MA,USA,2543
5619,1858,1858,1867,1867,14 Bromfield St.,Boston,MA,USA,2547
5618,1854,1854,1857,1857,15 Franklin lSt.,Boston,MA,USA,2547
5617,1844,1844,1853,1853,25 Cornhill St.,Boston,MA,USA,2547
5616,1825,1825,1825,1825,362 Washington St.,Boston,MA,USA,2547
5615,1820,1820,1823,1823 or 18,88 Newbury St.,Boston,MA,USA,2547
5630,1827,1827,1828,1828,1 Brattle St.,Boston,MA,USA,2554
5631,1829,1829,1831,1831,"9 Court St., corner of Brattle St.",Boston,MA,USA,2554
5651,182,182,1826,1826,"15 Merchants Hall, Boston",Boston,MA,USA,2567
5650,1822,1822,1822,1822,"4 Congress St., Boston",Boston,MA,USA,2567
5649,1821,1821,1821,1821,"81 Broad St., Boston",Boston,MA,USA,2567
5659,1844,1844,1844,1844,100 Washington St.,Boston,MA,USA,2571
5662,1854,1854,1854,1854,11 Tremont Temple,Boston,MA,USA,2571
5660,1852,1852,1852,1852,113 Washington St.,Boston,MA,USA,2571
5658,1842,1842,1843,1843,116 Washington St.,Boston,MA,USA,2571
5661,1853,1853,1853,1853,156 Washington St.,Boston,MA,USA,2571
5663,1855,1855,1858,1858,228 Washington St.,Boston,MA,USA,2571
5690,1873,1873,1875,1875,203 Washington St.,Boston,MA,USA,2579
5688,1860,1860,1869,1869,319 Washington St.,Boston,MA,USA,2579
5689,1870,1870,1871,1871,319 Washington St. and 33 School St.,Boston,MA,USA,2579
5691,1876,1876,1876,1876,369 Washington St.,Boston,MA,USA,2579
5694,1868,1868,1876,at least 1,19 Spring Lane,Boston,MA,USA,2581
5693,1864,1864,1865,1865,4 Spring Lane,Boston,MA,USA,2581
5698,1839,1839,1840,1840,11 Devonshire St.,Boston,MA,USA,2583
5696,1837,1837,1837,1837,31 Cornhill St.,Boston,MA,USA,2583
5697,1838,1838,1838,1838,41 Washington St.,Boston,MA,USA,2583
5707,1847,1847,1847,1847,Main St.,Fitchburg,MA,USA,2589
5712,1833,1833,1834,1834,11 Devonshire St.,Boston,MA,USA,2592
5714,1845,1845,1846,1846,124 Washington St.,Boston,MA,USA,2592
5715,1847,1847,1849,1849,160 Washington St.,Boston,MA,USA,2592
5716,1850,1850,1860,1860,160 Washington St.,Boston,MA,USA,2592
5713,1839,1839,1844,1844,4 Water St.,Boston,MA,USA,2592
5729,1853,1853,1866,1866 or 18,32 Merrimac St.,Lowell,MA,USA,2598
5766,1852,1852,1855,1855,210 Washington St.,Boston,MA,USA,2619
5767,1856,1856,1864,1864,Cor. Franklin & Hawley Sts.,Boston,MA,USA,2619
5800,1838,1838,1851,1851,112 Washington St.,Boston,MA,USA,2632
5799,1837,1837,1837,1837,119 Washington St.,Boston,MA,USA,2632
5801,1866,1866,1869,1869,122 Washington St. and 6 Water St.,Boston,MA,USA,2633
5804,1872,1872,1872,1872,"160 Hanover St. (per imprint statement)",Boston,MA,USA,2634
5802,1866,1866?,1870,1870,"167 Hanover",Boston,MA,USA,2634
5803,1871,1871,1871,1871,"7 Salem",Boston,MA,USA,2634
5816,1851,1851,1855,1855,114 Washington St.,Boston,MA,USA,2637
5822,1851,1851,1854,1854,110 Washington St.,Boston,MA,USA,2639
5818,1833,1833,1833,1833,12 Newton Place (home),Boston,MA,USA,2639
5819,1835,1835,1835,1835,127 Washington St.,Boston,MA,USA,2639
5823,1855,1855,1859,1859,13 Water St.,Boston,MA,USA,2639
5820,1849,1849,1849,1849,239 Tremont St. (home),Boston,MA,USA,2639
5821,1850,1850,1850,1850,271 Tremont St. (home),Boston,MA,USA,2639
5824,1860,1860,1860,1860,371 Tremont St. (home),Boston,MA,USA,2639
5825,1861,1861,1862,1862,7 Williams Court,Boston,MA,USA,2639
5827,1852,1852,1852,1852,15 Washington St.,Boston,MA,USA,2641
5829,1871,1871,1876,at least 1,38 Bromfield St.,Boston,MA,USA,2641
5828,1853,1853,1870,1870,5 Cornhill St.,Boston,MA,USA,2641
5834,1839,1839,1839,1839,25 Cornhill (per cataloged imprint),Boston,MA,USA,2643
5832,1837,1837,1838,1838,25 Cornhill St.,Boston,MA,USA,2643
5833,1839,1839,1839,1839,47 Court St.,Boston,MA,USA,2643
5854,1856,1856,1863,1863,"131 Washington St., Boston",Boston,MA,USA,2655
5856,1870,1870,1870,1870,"14 Bromfield St., Boston",Boston,MA,USA,2655
5855,1867,1867,1868,1868,"245 Washington St., Boston",Boston,MA,USA,2655
5853,1855,1855,1855,1855,"4 High St., Boston (home)",Boston,MA,USA,2655
5859,1860,1860,1860,1860,Harvard Sq.,Cambridge,MA,USA,2658
5876,1858,1858,1861,1861,17 Washington St.,Boston,MA,USA,2664
5875,1857,1857,1857,1857,26 Phoenix Bldg.,Boston,MA,USA,2664
5885,1837,1837,1859,1859,185 Essex St.,Salem,MA,USA,2671
5886,1861,1861,1869,1869,193 Essex St.,Salem,MA,USA,2671
5895,1818,1818,1824,1824,2 Cornhill Sq.,Boston,MA,USA,2675
5896,1825,1825,1830,1830,2 Cornhill Sq. and 79 Washington St.,Boston,MA,USA,2675
5897,1831,1831,1836,1836,20 Cornhill,Boston,MA,USA,2675
5894,1816,1816,1816,1816,8 State St.,Boston,MA,USA,2675
5893,1814,1814,1814,1814,State St. (per cataloged imprint),Boston,MA,USA,2675
5898,1848,1848,1848,1848,3 Cornhill St.,Boston,MA,USA,2676
5911,1834,1834,1835,1835,1 & 3 Cornhill St.,Boston,MA,USA,2683
5926,1824,1824,1824,1824,53 Cornhill (per cataloged imprint),Boston,MA,USA,2689
5925,1808,1808,1823,1823,53 Cornhill St.,Boston,MA,USA,2689
5927,1825,1825,1832,1832,59 Washington St.,Boston,MA,USA,2689
5939,1835,1835,1846,1846,10 Exchange St.,Boston,MA,USA,2699
5941,1855,1855,1855,1855,33 & 35 Congress St.,Boston,MA,USA,2699
5940,1847,1847,1854,1854,37 Congress St.,Boston,MA,USA,2699
5942,1855,1855,1855,1855,37 Congress St. (per cat. impr.),Boston,MA,USA,2699
5938,1826,1826,1834,1834,4 Exchange St.,Boston,MA,USA,2699
5958,1858,1858,1858,1858,American House block,Worcester,MA,USA,2708
5978,1845,1845,1866,1866,64 Cornhill,Boston,MA,USA,2711